id,jlpt_level,word,reading,image_review,meaning,meaning_zh,meaning_zh_needs_review,meaning_zh_note,jmdict_pos,jmdict_glosses,image_status,image_score,image_type,visual_domain,image_query_en,image_query_ja,distractor_pool,classification_reason,source,meaning_zh_source,meaning_zh_review
n1_02249,N1,渡り鳥,わたりどり,,migratory bird;bird of passage,,,,noun (common) (futsuumeishi),migratory bird | bird of passage,direct_image,84,single_object_or_place,animal,migratory bird,渡り鳥,animal,concrete noun domain: animal,Tanos JLPT vocabulary,,
n1_03362,N1,雛,ひな,,young bird;chick;doll,,,,noun (common) (futsuumeishi),young bird | chick | fledgling | greenhorn | fledgeling,direct_image,84,single_object_or_place,animal,young bird,雛,animal,concrete noun domain: animal,Tanos JLPT vocabulary,,
n1_03461,N1,鼠,ねず,,1. mouse;rat; 2. dark gray;slate color,,,,noun (common) (futsuumeishi),mouse | rat | dark gray | slate gray,direct_image,84,single_object_or_place,animal,1. mouse,鼠,animal,concrete noun domain: animal,Tanos JLPT vocabulary,,
n1_00497,N1,人体,じんたい,,human body,,,,noun (common) (futsuumeishi),human body,direct_image,84,single_object_or_place,body_health,human body,人体,body_health,concrete noun domain: body_health,Tanos JLPT vocabulary,,
n1_00572,N1,体付き,からだつき,,body build;figure,,,,noun (common) (futsuumeishi),body build | figure,direct_image,84,single_object_or_place,body_health,body build,体付き,body_health,concrete noun domain: body_health,Tanos JLPT vocabulary,,
n1_01256,N1,天体,てんたい,,heavenly body,,,,noun (common) (futsuumeishi),heavenly body | celestial body | astronomical object,direct_image,84,single_object_or_place,body_health,heavenly body,天体,body_health,concrete noun domain: body_health,Tanos JLPT vocabulary,,
n1_01898,N1,新人,しんじん,,new face;newcomer,,,,noun (common) (futsuumeishi),newcomer | new figure | new member | recruit | rookie,direct_image,84,single_object_or_place,body_health,new face,新人,body_health,concrete noun domain: body_health,Tanos JLPT vocabulary,,
n1_02363,N1,物体,ぶったい,,body;object,,,,noun (common) (futsuumeishi),object | body | solid,direct_image,84,single_object_or_place,body_health,body,物体,body_health,concrete noun domain: body_health,Tanos JLPT vocabulary,,
n1_02459,N1,病,やまい,,illness;disease,,,,noun (common) (futsuumeishi),illness | disease | bad habit | weakness | fault,direct_image,84,single_object_or_place,body_health,illness,病,body_health,concrete noun domain: body_health,Tanos JLPT vocabulary,,
n1_02758,N1,肉体,にくたい,,the body;the flesh,,,,noun (common) (futsuumeishi),the body | the flesh | the outer man | one's physique,direct_image,84,single_object_or_place,body_health,body,肉体,body_health,concrete noun domain: body_health,Tanos JLPT vocabulary,,
n1_03125,N1,身体,からだ,,the body,,,,noun (common) (futsuumeishi),body | torso | trunk | build | physique,direct_image,84,single_object_or_place,body_health,body,身体,body_health,concrete noun domain: body_health,Tanos JLPT vocabulary,,
n1_03384,N1,面,おも,,face,,,,noun (common) (futsuumeishi),face | surface | mask (esp. a noh or kyogen mask),direct_image,84,single_object_or_place,body_health,face,面,body_health,concrete noun domain: body_health,Tanos JLPT vocabulary,,
n1_03395,N1,頂,いただき,,(top of) head;summit;spire,,,,noun (common) (futsuumeishi),crown (of head) | summit (of mountain) | spire | easy win for one | something received,direct_image,84,single_object_or_place,body_health,head,頂,body_health,concrete noun domain: body_health,Tanos JLPT vocabulary,,
n1_00195,N1,ジャンパー,ジャンパー / ジャンパ / ジャンバー,,jacket;jumper,,,,noun (common) (futsuumeishi),(short) jacket | blouson | windbreaker | jumper | ski jumper,direct_image,84,single_object_or_place,clothing,jacket,ジャンパー,clothing,concrete noun domain: clothing,Tanos JLPT vocabulary,,
n1_00217,N1,ソックス,ソックス,,socks,,,,noun (common) (futsuumeishi),socks,direct_image,84,single_object_or_place,clothing,socks,ソックス,clothing,concrete noun domain: clothing,Tanos JLPT vocabulary,,
n1_00311,N1,ユニフォーム,ユニフォーム / ユニホーム,,uniform,,,,noun (common) (futsuumeishi),uniform,direct_image,84,single_object_or_place,clothing,uniform,ユニフォーム,clothing,concrete noun domain: clothing,Tanos JLPT vocabulary,,
n1_00856,N1,制服,せいふく,,uniform,,,,noun (common) (futsuumeishi),uniform,direct_image,84,single_object_or_place,clothing,uniform,制服,clothing,concrete noun domain: clothing,Tanos JLPT vocabulary,,
n1_02906,N1,衣類,いるい,,clothes;clothing;garments,,,,noun (common) (futsuumeishi),clothes | clothing | garments,direct_image,84,single_object_or_place,clothing,clothes,衣類,clothing,concrete noun domain: clothing,Tanos JLPT vocabulary,,
n1_03135,N1,軍服,ぐんぷく,,military or naval uniform,,,,noun (common) (futsuumeishi),military uniform,direct_image,84,single_object_or_place,clothing,military or naval uniform,軍服,clothing,concrete noun domain: clothing,Tanos JLPT vocabulary,,
n1_00313,N1,ライス,ライス,,rice,,,,noun (common) (futsuumeishi),rice (esp. when served on a plate),direct_image,84,single_object_or_place,food_drink,rice,ライス,food_drink,concrete noun domain: food_drink,Tanos JLPT vocabulary,,
n1_00455,N1,主食,しゅしょく,,staple food,,,,noun (common) (futsuumeishi),staple food,direct_image,84,single_object_or_place,food_drink,staple food,主食,food_drink,concrete noun domain: food_drink,Tanos JLPT vocabulary,,
n1_00467,N1,乳,ちち,,milk;breast;loop,,,,noun (common) (futsuumeishi),milk | breast | loop | decorative bump (on a hanging bell),direct_image,84,single_object_or_place,food_drink,milk,乳,food_drink,concrete noun domain: food_drink,Tanos JLPT vocabulary,,
n1_01129,N1,喫茶,きっさ,,tea drinking;tea house,,,,noun (common) (futsuumeishi),tea drinking | teahouse | tearoom | coffee lounge | coffee shop,direct_image,84,single_object_or_place,food_drink,tea drinking,喫茶,food_drink,concrete noun domain: food_drink,Tanos JLPT vocabulary,,
n1_01327,N1,定食,ていしょく,,set meal;special (of the day),,,,noun (common) (futsuumeishi),set meal | special (of the day),direct_image,84,single_object_or_place,food_drink,set meal,定食,food_drink,concrete noun domain: food_drink,Tanos JLPT vocabulary,,
n1_02016,N1,杯,さかずき,,wine cups,,,,noun (common) (futsuumeishi),sake cup | cup for alcoholic beverages | ritual exchange of cups (to seal a bond or pledge),direct_image,84,single_object_or_place,food_drink,wine cups,杯,food_drink,concrete noun domain: food_drink,Tanos JLPT vocabulary,,
n1_02349,N1,熱湯,ねっとう,,boiling water,,,,noun (common) (futsuumeishi),boiling water,direct_image,84,single_object_or_place,food_drink,boiling water,熱湯,food_drink,concrete noun domain: food_drink,Tanos JLPT vocabulary,,
n1_02829,N1,苗,なえ,,rice seedling,,,,noun (common) (futsuumeishi),seedling | young plant | rice seedling,direct_image,84,single_object_or_place,food_drink,rice seedling,苗,food_drink,concrete noun domain: food_drink,Tanos JLPT vocabulary,,
n1_02843,N1,茶の湯,ちゃのゆ,,tea ceremony,,,,noun (common) (futsuumeishi),tea ceremony | chanoyu,direct_image,84,single_object_or_place,food_drink,tea ceremony,茶の湯,food_drink,concrete noun domain: food_drink,Tanos JLPT vocabulary,,
n1_00374,N1,三日月,みかずき,,new moon;crescent moon,,,,noun (common) (futsuumeishi),crescent moon | young moon,direct_image,84,single_object_or_place,nature_weather,new moon,三日月,nature_weather,concrete noun domain: nature_weather,Tanos JLPT vocabulary,,
n1_00384,N1,上空,じょうくう,,sky;the skies;high-altitude sky;upper air,,,,noun (common) (futsuumeishi),sky | the skies | high-altitude sky | upper air,direct_image,84,single_object_or_place,nature_weather,sky,上空,nature_weather,concrete noun domain: nature_weather,Tanos JLPT vocabulary,,
n1_01089,N1,吹奏,すいそう,,playing wind instruments,,,,noun (common) (futsuumeishi) | noun or participle which takes the aux. verb suru | transitive verb,playing (a wind instrument) | blowing,direct_image,84,single_object_or_place,nature_weather,playing wind instruments,吹奏,nature_weather,concrete noun domain: nature_weather,Tanos JLPT vocabulary,,
n1_01420,N1,山脈,さんみゃく,,mountain range,,,,noun (common) (futsuumeishi),mountain range | mountain belt,direct_image,84,single_object_or_place,nature_weather,mountain range,山脈,nature_weather,concrete noun domain: nature_weather,Tanos JLPT vocabulary,,
n1_01463,N1,年輪,ねんりん,,annual tree ring,,,,noun (common) (futsuumeishi),annual tree ring | growth ring | experience in life,direct_image,84,single_object_or_place,nature_weather,annual tree ring,年輪,nature_weather,concrete noun domain: nature_weather,Tanos JLPT vocabulary,,
n1_01950,N1,晴天,せいてん,,fine weather,,,,noun (common) (futsuumeishi),fine weather (i.e. little or no clouds) | fair weather | clear weather | clear sky | fair skies,direct_image,84,single_object_or_place,nature_weather,fine weather,晴天,nature_weather,concrete noun domain: nature_weather,Tanos JLPT vocabulary,,
n1_02046,N1,桐,きり,,paulownia tree,,,,noun (common) (futsuumeishi),paulownia (Paulownia tomentosa) | empress tree | foxglove tree,direct_image,84,single_object_or_place,nature_weather,paulownia tree,桐,nature_weather,concrete noun domain: nature_weather,Tanos JLPT vocabulary,,
n1_02152,N1,気象,きしょう,,weather;climate,,,,noun (common) (futsuumeishi),weather (conditions) | disposition | temperament,direct_image,84,single_object_or_place,nature_weather,weather,気象,nature_weather,concrete noun domain: nature_weather,Tanos JLPT vocabulary,,
n1_02160,N1,水源,すいげん,,source of river;fountainhead,,,,noun (common) (futsuumeishi),source of river | fountainhead,direct_image,84,single_object_or_place,nature_weather,source of river,水源,nature_weather,concrete noun domain: nature_weather,Tanos JLPT vocabulary,,
n1_02223,N1,海流,かいりゅう,,ocean current,,,,noun (common) (futsuumeishi),ocean current,direct_image,84,single_object_or_place,nature_weather,ocean current,海流,nature_weather,concrete noun domain: nature_weather,Tanos JLPT vocabulary,,
n1_02312,N1,焚火,たきび,,(open) fire,,,,noun (common) (futsuumeishi) | noun or participle which takes the aux. verb suru | intransitive verb,open-air fire (e.g. for garden refuse) | bonfire | campfire | open fire (e.g. in a kitchen),direct_image,84,single_object_or_place,nature_weather,fire,焚火,nature_weather,concrete noun domain: nature_weather,Tanos JLPT vocabulary,,
n1_02827,N1,花壇,かだん,,flower bed,,,,noun (common) (futsuumeishi),flower bed,direct_image,84,single_object_or_place,nature_weather,flower bed,花壇,nature_weather,concrete noun domain: nature_weather,Tanos JLPT vocabulary,,
n1_02929,N1,西日,にしび,,westering sun,,,,noun (common) (futsuumeishi),westering sun | setting sun | afternoon sun,direct_image,84,single_object_or_place,nature_weather,westering sun,西日,nature_weather,concrete noun domain: nature_weather,Tanos JLPT vocabulary,,
n1_03365,N1,雨具,あまぐ,,rain gear,,,,noun (common) (futsuumeishi),rain gear,direct_image,84,single_object_or_place,nature_weather,rain gear,雨具,nature_weather,concrete noun domain: nature_weather,Tanos JLPT vocabulary,,
n1_03366,N1,雨天,うてん,,rainy weather,,,,noun (common) (futsuumeishi),rainy weather,direct_image,84,single_object_or_place,nature_weather,rainy weather,雨天,nature_weather,concrete noun domain: nature_weather,Tanos JLPT vocabulary,,
n1_00238,N1,ティッシュペーパー,ティッシュペーパー / ティッシュ・ペーパー / ティシュペーパー,,tissue paper,,,,noun (common) (futsuumeishi),tissue paper | tissue | facial tissue,direct_image,84,single_object_or_place,object_tool,tissue paper,ティッシュペーパー,object_tool,concrete noun domain: object_tool,Tanos JLPT vocabulary,,
n1_01511,N1,張り紙,はりがみ,,paper patch;paper backing;poster,,,,noun (common) (futsuumeishi),paper patch attached to something | paper backing | sticker | label | notice,direct_image,84,single_object_or_place,object_tool,paper patch,張り紙,object_tool,concrete noun domain: object_tool,Tanos JLPT vocabulary,,
n1_01887,N1,文,ふみ,,letter;writings,,,,noun (common) (futsuumeishi),letter | note | mail | book | writings,direct_image,84,single_object_or_place,object_tool,letter,文,object_tool,concrete noun domain: object_tool,Tanos JLPT vocabulary,,
n1_02127,N1,残金,ざんきん,,remaining money,,,,noun (common) (futsuumeishi),remaining money,direct_image,84,single_object_or_place,object_tool,remaining money,残金,object_tool,concrete noun domain: object_tool,Tanos JLPT vocabulary,,
n1_02298,N1,火燵,こたつ,,table with heater;(orig) charcoal brazier in a floor well,,,,noun (common) (futsuumeishi),"kotatsu | table over an electric heater, with a hanging quilt to retain heat (orig. over a charcoal brazier in a floor well)",direct_image,84,single_object_or_place,object_tool,table with heater,火燵,object_tool,concrete noun domain: object_tool,Tanos JLPT vocabulary,,
n1_03070,N1,貨幣,かへい,,money;currency;coinage,,,,noun (common) (futsuumeishi),money | currency | coin,direct_image,84,single_object_or_place,object_tool,money,貨幣,object_tool,concrete noun domain: object_tool,Tanos JLPT vocabulary,,
n1_00034,N1,お祖母さん,おばあさん,,grandmother;female senior-citizen,,,,noun (common) (futsuumeishi),grandmother | old woman | female senior citizen,direct_image,84,single_object_or_place,person_family,grandmother,お祖母さん,person_family,concrete noun domain: person_family,Tanos JLPT vocabulary,,
n1_00035,N1,お祖父さん,おじいさん,,grandfather;male senior-citizen,,,,noun (common) (futsuumeishi),grandfather | male senior-citizen | old man,direct_image,84,single_object_or_place,person_family,grandfather,お祖父さん,person_family,concrete noun domain: person_family,Tanos JLPT vocabulary,,
n1_00334,N1,一人,いちにん,,one person,,,,noun (common) (futsuumeishi) | adverb (fukushi),one person | being alone | being by oneself | being single | being unmarried,direct_image,84,single_object_or_place,person_family,one person,一人,person_family,concrete noun domain: person_family,Tanos JLPT vocabulary,,
n1_00447,N1,主任,しゅにん,,person in charge;responsible official,,,,noun (common) (futsuumeishi),person in charge | senior staff | manager | chief | head,direct_image,84,single_object_or_place,person_family,person in charge,主任,person_family,concrete noun domain: person_family,Tanos JLPT vocabulary,,
n1_00527,N1,他人,あだびと,,another person;unrelated person;outsider;stranger,,,,noun (common) (futsuumeishi),another person | other people | others | unrelated person (i.e. not related by blood) | outsider,direct_image,84,single_object_or_place,person_family,another person,他人,person_family,concrete noun domain: person_family,Tanos JLPT vocabulary,,
n1_00616,N1,使用人,しようにん,,employee;servant,,,,noun (common) (futsuumeishi),employee | servant,direct_image,84,single_object_or_place,person_family,employee,使用人,person_family,concrete noun domain: person_family,Tanos JLPT vocabulary,,
n1_01273,N1,女子,おなご,,woman;girl,,,,noun (common) (futsuumeishi),woman | girl,direct_image,84,single_object_or_place,person_family,woman,女子,person_family,concrete noun domain: person_family,Tanos JLPT vocabulary,,
n1_01362,N1,富豪,ふごう,,wealthy person;millionaire,,,,noun (common) (futsuumeishi),wealthy person | millionaire,direct_image,84,single_object_or_place,person_family,wealthy person,富豪,person_family,concrete noun domain: person_family,Tanos JLPT vocabulary,,
n1_01506,N1,弟,おと,,younger brother,,,,noun (common) (futsuumeishi),younger brother | little brother | kid brother | brother-in-law (spouse's younger brother or younger sister's husband) | pupil,direct_image,84,single_object_or_place,person_family,younger brother,弟,person_family,concrete noun domain: person_family,Tanos JLPT vocabulary,,
n1_01560,N1,従業員,じゅうぎょういん,,employee;worker,,,,noun (common) (futsuumeishi),employee | worker,direct_image,84,single_object_or_place,person_family,employee,従業員,person_family,concrete noun domain: person_family,Tanos JLPT vocabulary,,
n1_02355,N1,父母,ちちはは,,father and mother;parents,,,,noun (common) (futsuumeishi),father and mother | parents,direct_image,84,single_object_or_place,person_family,father and mother,父母,person_family,concrete noun domain: person_family,Tanos JLPT vocabulary,,
n1_02692,N1,給仕,きゅうじ,,office boy (girl);page;waiter,,,,noun (common) (futsuumeishi) | noun or participle which takes the aux. verb suru | intransitive verb,waiting on a table | serving (at dinner) | waiter | waitress | waitperson,direct_image,84,single_object_or_place,person_family,office boy,給仕,person_family,concrete noun domain: person_family,Tanos JLPT vocabulary,,
n1_03266,N1,部下,ぶか,,subordinate person,,,,noun (common) (futsuumeishi),subordinate person,direct_image,84,single_object_or_place,person_family,subordinate person,部下,person_family,concrete noun domain: person_family,Tanos JLPT vocabulary,,
n1_00635,N1,保母,ほぼ,,day care worker in a kindergarten nursery school etc.,,,,noun (common) (futsuumeishi),(female) childcare worker | nursery school teacher,direct_image,84,single_object_or_place,place_building,day care worker in a kindergarten nursery school etc.,保母,place_building,concrete noun domain: place_building,Tanos JLPT vocabulary,,
n1_00916,N1,勤め先,つとめさき,,place of work,,,,noun (common) (futsuumeishi),place of work,direct_image,84,single_object_or_place,place_building,place of work,勤め先,place_building,concrete noun domain: place_building,Tanos JLPT vocabulary,,
n1_00977,N1,参議院,さんぎいん,,House of Councillors,,,,noun (common) (futsuumeishi),House of Councillors (upper house of the National Diet of Japan),direct_image,84,single_object_or_place,place_building,House of Councillors,参議院,place_building,concrete noun domain: place_building,Tanos JLPT vocabulary,,
n1_01123,N1,問屋,といや,,wholesale store,,,,noun (common) (futsuumeishi),wholesale store | wholesale dealer | wholesaler,direct_image,84,single_object_or_place,place_building,wholesale store,問屋,place_building,concrete noun domain: place_building,Tanos JLPT vocabulary,,
n1_01194,N1,堤防,ていぼう,,bank;weir,,,,noun (common) (futsuumeishi),bank | weir | embankment | levee,direct_image,84,single_object_or_place,place_building,bank,堤防,place_building,concrete noun domain: place_building,Tanos JLPT vocabulary,,
n1_01205,N1,塾,じゅく,,coaching school;lessons,,,,noun (common) (futsuumeishi),cram school | private tutoring school | juku,direct_image,84,single_object_or_place,place_building,coaching school,塾,place_building,concrete noun domain: place_building,Tanos JLPT vocabulary,,
n1_01475,N1,店,てん,,store;shop;establishment,,,,noun (common) (futsuumeishi),store | shop | establishment | restaurant,direct_image,84,single_object_or_place,place_building,store,店,place_building,concrete noun domain: place_building,Tanos JLPT vocabulary,,
n1_01816,N1,控室,ひかえしつ,,waiting room,,,,noun (common) (futsuumeishi),waiting room | anteroom | antechamber | green room,direct_image,84,single_object_or_place,place_building,waiting room,控室,place_building,concrete noun domain: place_building,Tanos JLPT vocabulary,,
n1_01917,N1,日向,ひなた,,sunny place;in the sun,,,,noun (common) (futsuumeishi),sunny place | in the sun,direct_image,84,single_object_or_place,place_building,sunny place,日向,place_building,concrete noun domain: place_building,Tanos JLPT vocabulary,,
n1_02008,N1,本館,ほんかん,,main building,,,,noun (common) (futsuumeishi),"main building (as opposed to an annex, outbuilding, etc.) | this library | this museum | this theatre | this hall",direct_image,84,single_object_or_place,place_building,main building,本館,place_building,concrete noun domain: place_building,Tanos JLPT vocabulary,,
n1_02574,N1,社宅,しゃたく,,company owned house,,,,noun (common) (futsuumeishi),company housing | housing provided by one's company,direct_image,84,single_object_or_place,place_building,company owned house,社宅,place_building,concrete noun domain: place_building,Tanos JLPT vocabulary,,
n1_02599,N1,税務署,ぜいむしょ,,tax office,,,,noun (common) (futsuumeishi),tax office,direct_image,84,single_object_or_place,place_building,tax office,税務署,place_building,concrete noun domain: place_building,Tanos JLPT vocabulary,,
n1_02693,N1,給食,きゅうしょく,,school lunch;providing a meal,,,,noun (common) (futsuumeishi) | noun or participle which takes the aux. verb suru | intransitive verb,"provision of lunch (e.g. at office, school, etc.) | providing a meal | lunch service",direct_image,84,single_object_or_place,place_building,school lunch,給食,place_building,concrete noun domain: place_building,Tanos JLPT vocabulary,,
n1_02844,N1,茶の間,ちゃのま,,living room (Japanese style),,,,noun (common) (futsuumeishi),(Japanese-style) living room,direct_image,84,single_object_or_place,place_building,living room,茶の間,place_building,concrete noun domain: place_building,Tanos JLPT vocabulary,,
n1_02890,N1,衆議院,しゅうぎいん,,Lower House;House of Representatives,,,,noun (common) (futsuumeishi),House of Representatives (lower house of the National Diet of Japan),direct_image,84,single_object_or_place,place_building,Lower House,衆議院,place_building,concrete noun domain: place_building,Tanos JLPT vocabulary,,
n1_02895,N1,行員,こういん,,bank clerk,,,,noun (common) (futsuumeishi),bank clerk,direct_image,84,single_object_or_place,place_building,bank clerk,行員,place_building,concrete noun domain: place_building,Tanos JLPT vocabulary,,
n1_02901,N1,街頭,がいとう,,in the street,,,,noun (common) (futsuumeishi),(on the) street,direct_image,84,single_object_or_place,place_building,in the street,街頭,place_building,concrete noun domain: place_building,Tanos JLPT vocabulary,,
n1_03049,N1,議事堂,ぎじどう,,Diet building,,,,noun (common) (futsuumeishi),assembly hall | parliament house | diet building | capitol | houses of parliament,direct_image,84,single_object_or_place,place_building,Diet building,議事堂,place_building,concrete noun domain: place_building,Tanos JLPT vocabulary,,
n1_03426,N1,館,かん,,house;hall;building;hotel;inn;guesthouse,,,,noun (common) (futsuumeishi),mansion | palace | manor house | castle | nobleman,direct_image,84,single_object_or_place,place_building,house,館,place_building,concrete noun domain: place_building,Tanos JLPT vocabulary,,
n1_00209,N1,スポーツカー,スポーツカー / スポーツ・カー,,sports car,,,,noun (common) (futsuumeishi),sports car,direct_image,84,single_object_or_place,transport,sports car,スポーツカー,transport,concrete noun domain: transport,Tanos JLPT vocabulary,,
n1_00267,N1,パトカー,パトカー,,patrol car,,,,noun (common) (futsuumeishi),patrol car | police car | squad car | cruiser,direct_image,84,single_object_or_place,transport,patrol car,パトカー,transport,concrete noun domain: transport,Tanos JLPT vocabulary,,
n1_00324,N1,レンタカー,レンタカー,,hire car (lit: rent-a-car),,,,noun (common) (futsuumeishi),rental car | rent-a-car | hire car | hired car | car rental agency,direct_image,84,single_object_or_place,transport,hire car,レンタカー,transport,concrete noun domain: transport,Tanos JLPT vocabulary,,
n1_01295,N1,始発,しはつ,,first train,,,,noun (common) (futsuumeishi),"first departure (of the day) | first train | first bus | departing from the starting station (of a bus, train, etc.)",direct_image,84,single_object_or_place,transport,first train,始発,transport,concrete noun domain: transport,Tanos JLPT vocabulary,,
n1_02816,N1,船舶,せんぱく,,ship,,,,noun (common) (futsuumeishi),vessel | ship | shipping | seacraft,direct_image,84,single_object_or_place,transport,ship,船舶,transport,concrete noun domain: transport,Tanos JLPT vocabulary,,
n1_03103,N1,走行,そうこう,,running a wheeled vehicle (e.g. car);traveling,,,,noun (common) (futsuumeishi) | noun or participle which takes the aux. verb suru | intransitive verb,"running (of a car, bus, etc.) | traveling | travelling | running (of a program)",direct_image,84,single_object_or_place,transport,running a wheeled vehicle,走行,transport,concrete noun domain: transport,Tanos JLPT vocabulary,,
n1_00023,N1,お八,おやつ,,1. (uk) between meal snack;afternoon refreshment;afternoon tea; 2. mid-day snack,,,,,,direct_image,75,single_object_or_place,food_drink,1.  between meal snack,お八,food_drink,meaning suggests concrete domain: food_drink,Tanos JLPT vocabulary,,
n1_00052,N1,くっ付く,くっつく,,to adhere to;to keep close to,,,,Godan verb with 'ku' ending | intransitive verb,to adhere to | to stick to | to cling to | to keep close to | to go along with,scene_image,72,person_action_scene,action_state,person adhering to,くっ付く,action_state,verb can be shown as an action scene,Tanos JLPT vocabulary,,
n1_00053,N1,くっ付ける,くっつける,,to attach,,,,Ichidan verb | transitive verb,to attach | to stick together | to paste | to glue | to place together,scene_image,72,person_action_scene,action_state,person attaching,くっ付ける,action_state,verb can be shown as an action scene,Tanos JLPT vocabulary,,
n1_00077,N1,すれ違う,すれちがう,,to pass by one another;to disagree;to miss each other,,,,Godan verb with 'u' ending | intransitive verb,to pass (by) each other | to brush past | to miss (meeting) each other | to fail to meet | to be at odds,scene_image,72,person_action_scene,action_state,person passing by one another,すれ違う,action_state,verb can be shown as an action scene,Tanos JLPT vocabulary,,
n1_00084,N1,ずれる,ずれる / ズレる / づれる,,to slide;to slip off,,,,Ichidan verb | intransitive verb,to slide | to slip off | to get dislocated | to be out of alignment | to get dislodged,scene_image,72,person_action_scene,action_state,person sliding,ずれる,action_state,verb can be shown as an action scene,Tanos JLPT vocabulary,,
n1_00115,N1,ぶら下げる,ぶらさげる,,to hang;to suspend;to dangle;to swing,,,,Ichidan verb | transitive verb,to hang | to suspend | to dangle | to swing | to carry,scene_image,72,person_action_scene,action_state,person hanging,ぶら下げる,action_state,verb can be shown as an action scene,Tanos JLPT vocabulary,,
n1_00376,N1,上がる,あがる,,to enter;to go up;to rise;to climb up;to advance;to appreciate;to be promoted;to improve;to call on;,,,,Godan verb with 'ru' ending | intransitive verb,to rise | to go up | to come up | to ascend | to be raised,scene_image,72,person_action_scene,action_state,person enterring,上がる,action_state,verb can be shown as an action scene,Tanos JLPT vocabulary,,
n1_00386,N1,下がる,さがる,,to hang down;to abate;to retire;to fall;to step back,,,,Godan verb with 'ru' ending | intransitive verb,to come down | to go down | to fall | to drop | to sink,scene_image,72,person_action_scene,action_state,person hanging down,下がる,action_state,verb can be shown as an action scene,Tanos JLPT vocabulary,,
n1_00445,N1,丸める,まるめる,,to make round;to round off;to roll up;to curl up;to seduce;to cajole;to explain away,,,,Ichidan verb | transitive verb,to make round | to roll up | to curl up | to seduce | to cajole,scene_image,72,person_action_scene,action_state,person making round,丸める,action_state,verb can be shown as an action scene,Tanos JLPT vocabulary,,
n1_00465,N1,乱す,みだす,,to throw out of order;to disarrange;to disturb,,,,Godan verb with 'su' ending | transitive verb,"to throw into disorder | to disarrange | to disturb (order, peace, etc.) | to corrupt (public morals) | to dishevel (hair)",scene_image,72,person_action_scene,action_state,person throwwing out of order,乱す,action_state,verb can be shown as an action scene,Tanos JLPT vocabulary,,
n1_00488,N1,交える,まじえる,,to mix;to converse with;to cross (swords),,,,Ichidan verb | transitive verb,"to mix | to combine | to include | to exchange (words, fire, etc.) | to cross (e.g. swords)",scene_image,72,person_action_scene,action_state,person mixxing,交える,action_state,verb can be shown as an action scene,Tanos JLPT vocabulary,,
n1_00523,N1,仕立てる,したてる,,to tailor;to make;to prepare;to train;to send (a messenger),,,,Ichidan verb | transitive verb,to tailor | to make (clothing) | to train | to bring up | to make it seem like,scene_image,72,person_action_scene,action_state,person tailorring,仕立てる,action_state,verb can be shown as an action scene,Tanos JLPT vocabulary,,
n1_00526,N1,仕舞う,しまう,,to finish;to close;to do something completely;to put away;to put an end to,,,,Godan verb with 'u' ending | transitive verb,to finish | to stop | to end | to put an end to | to bring to a close,scene_image,72,person_action_scene,action_state,person finishing,仕舞う,action_state,verb can be shown as an action scene,Tanos JLPT vocabulary,,
n1_00545,N1,仰ぐ,あおぐ,,to look up (to);to respect;to depend on;to ask for;to seek;to revere;to drink;to take,,,,Godan verb with 'gu' ending | transitive verb,to look up (at) | to look up to | to respect | to revere | to ask for (e.g. guidance),scene_image,72,person_action_scene,action_state,person looking up,仰ぐ,action_state,verb can be shown as an action scene,Tanos JLPT vocabulary,,
n1_00546,N1,仰っしゃる,おっしゃる,,to say;to speak;to tell;to talk,,,,Godan verb - -aru special class | transitive verb,to say | to speak | to tell | to be called,scene_image,72,person_action_scene,action_state,person saying,仰っしゃる,action_state,verb can be shown as an action scene,Tanos JLPT vocabulary,,
n1_00555,N1,休める,やすめる,,to rest;to suspend;to give relief,,,,Ichidan verb | transitive verb,to rest | to suspend | to give relief,scene_image,72,person_action_scene,action_state,person resting,休める,action_state,verb can be shown as an action scene,Tanos JLPT vocabulary,,
n1_00566,N1,伴う,ともなう,,to accompany;to bring with;to be accompanied by;to be involved in,,,,Godan verb with 'u' ending | intransitive verb | transitive verb,to accompany | to go hand in hand with | to be consequent upon | to be accompanied by | to bring with,scene_image,72,person_action_scene,action_state,person accompanying,伴う,action_state,verb can be shown as an action scene,Tanos JLPT vocabulary,,
n1_00686,N1,傾ける,かたむける,,to incline;to list;to bend;to lean;to tip;to tilt;to slant;to concentrate on;to ruin (a country);to,,,,Ichidan verb | transitive verb,to incline | to lean | to tip | to tilt | to slant,scene_image,72,person_action_scene,action_state,person inclining,傾ける,action_state,verb can be shown as an action scene,Tanos JLPT vocabulary,,
n1_00722,N1,入る,いる,,to get in;to go in;to come in;to flow into;to set;to set in,,,,Godan verb with 'ru' ending | intransitive verb,to enter | to go in | to get in | to come in | to set (of the sun or moon),scene_image,72,person_action_scene,action_state,person getting in,入る,action_state,verb can be shown as an action scene,Tanos JLPT vocabulary,,
n1_00788,N1,冷やかす,ひやかす,,to banter;to make fun of;to jeer at;to cool;to refrigerate,,,,Godan verb with 'su' ending | transitive verb,to banter | to make fun of | to jeer at | to cool | to refrigerate,scene_image,72,person_action_scene,action_state,person banterring,冷やかす,action_state,verb can be shown as an action scene,Tanos JLPT vocabulary,,
n1_00793,N1,凝らす,こごらす,,to freeze;to congeal,,,,Godan verb with 'su' ending | transitive verb,to freeze | to congeal | to concentrate one's attention on | to devote oneself to something | to ponder,scene_image,72,person_action_scene,action_state,person freezing,凝らす,action_state,verb can be shown as an action scene,Tanos JLPT vocabulary,,
n1_00794,N1,凝る,こごる,,to congeal;to freeze,,,,Godan verb with 'ru' ending | intransitive verb,to congeal | to gelatinize | to jellify | to jell | to gell,scene_image,72,person_action_scene,action_state,person congealing,凝る,action_state,verb can be shown as an action scene,Tanos JLPT vocabulary,,
n1_00801,N1,凭れる,もたれる,,to lean against;to lean on;to recline on;to lie heavy (on the stomach),,,,Ichidan verb | intransitive verb,to lean against | to lean on | to recline on | to lie heavy (on the stomach) | to be uneasily digested,scene_image,72,person_action_scene,action_state,person leaning against,凭れる,action_state,verb can be shown as an action scene,Tanos JLPT vocabulary,,
n1_00803,N1,出くわす,でくわす,,to happen to meet;to come across,,,,Godan verb with 'su' ending | intransitive verb,to happen to meet | to come across | to run into | to bump into,scene_image,72,person_action_scene,action_state,person happenning to meet,出くわす,action_state,verb can be shown as an action scene,Tanos JLPT vocabulary,,
n1_00808,N1,出合う,であう,,to meet by chance;to come across;to happen to encounter;to hold a rendezvous;to have a date,,,,Godan verb with 'u' ending | intransitive verb,to meet (by chance) | to come across | to run across | to encounter | to happen upon,scene_image,72,person_action_scene,action_state,person meeting by chance,出合う,action_state,verb can be shown as an action scene,Tanos JLPT vocabulary,,
n1_00833,N1,切り替える,きりかえる,,to change;to exchange;to convert;to renew;to throw a switch;to replace;to switch over,,,,Ichidan verb | transitive verb,to change | to switch | to change over (to) | to renew,scene_image,72,person_action_scene,action_state,person changing,切り替える,action_state,verb can be shown as an action scene,Tanos JLPT vocabulary,,
n1_00862,N1,剃る,する,,to shave,,,,Godan verb with 'ru' ending | transitive verb,to shave,scene_image,72,person_action_scene,action_state,person shaving,剃る,action_state,verb can be shown as an action scene,Tanos JLPT vocabulary,,
n1_00871,N1,剥がす,はがす,,to tear off;to peel off;to rip off;to strip off;to skin;to flay;to disrobe;to deprive of;to detach;t,,,,Godan verb with 'su' ending | transitive verb,to tear off | to peel off | to rip off | to strip off | to skin,scene_image,72,person_action_scene,action_state,person tearing off,剥がす,action_state,verb can be shown as an action scene,Tanos JLPT vocabulary,,
n1_00872,N1,剥ぐ,はぐ,,to tear off;to peel off;to rip off;to strip off;to skin;to flay;to disrobe;to deprive of,,,,Godan verb with 'gu' ending | transitive verb,to tear off | to peel off | to rip off | to strip off | to skin,scene_image,72,person_action_scene,action_state,person tearing off,剥ぐ,action_state,verb can be shown as an action scene,Tanos JLPT vocabulary,,
n1_00878,N1,割り込む,わりこむ,,to cut in;to thrust oneself into;to wedge oneself in;to muscle in on;to interrupt;to disturb,,,,Godan verb with 'mu' ending | transitive verb,"to cut into (a line, conversation, etc.) | to force oneself into (e.g. a crowd) | to wedge oneself into | to squeeze oneself into | to intrude on",scene_image,72,person_action_scene,action_state,person cutting in,割り込む,action_state,verb can be shown as an action scene,Tanos JLPT vocabulary,,
n1_00912,N1,募る,つのる,,to invite;to solicit help participation etc,,,,Godan verb with 'ru' ending | intransitive verb | transitive verb,"to become stronger | to grow in intensity | to grow violent | to become worse | to invite contributions, etc.",scene_image,72,person_action_scene,action_state,person inviting,募る,action_state,verb can be shown as an action scene,Tanos JLPT vocabulary,,
n1_00924,N1,化ける,ばける,,to appear in disguise;to take the form of;to change for the worse,,,,Ichidan verb | intransitive verb,"to take the form of (esp. in ref. to a spirit, fox, raccoon dog, etc.) | to assume the shape of | to turn oneself into | to transform oneself into | to disguise oneself (as)",scene_image,72,person_action_scene,action_state,person appearing in disguise,化ける,action_state,verb can be shown as an action scene,Tanos JLPT vocabulary,,
n1_00998,N1,取り寄せる,とりよせる,,to order;to send away for,,,,Ichidan verb | transitive verb,to order | to send away for | to have (something) sent to one | to pull (something) closer,scene_image,72,person_action_scene,action_state,person orderring,取り寄せる,action_state,verb can be shown as an action scene,Tanos JLPT vocabulary,,
n1_01001,N1,取り戻す,とりもどす,,to take back;to regain,,,,Godan verb with 'su' ending | transitive verb,to take back | to get back | to regain | to recover | to restore,scene_image,72,person_action_scene,action_state,person taking back,取り戻す,action_state,verb can be shown as an action scene,Tanos JLPT vocabulary,,
n1_01006,N1,取り混ぜる,とりまぜる,,to mix;to put together,,,,Ichidan verb | transitive verb,to mix | to put together,scene_image,72,person_action_scene,action_state,person mixxing,取り混ぜる,action_state,verb can be shown as an action scene,Tanos JLPT vocabulary,,
n1_01007,N1,取り立てる,とりたてる,,to collect;to extort;to appoint;to promote,,,,Ichidan verb | transitive verb,to collect (debts) | to dun | to exact | to extort | to appoint,scene_image,72,person_action_scene,action_state,person collecting,取り立てる,action_state,verb can be shown as an action scene,Tanos JLPT vocabulary,,
n1_01012,N1,取り除く,とりのぞく,,to remove;to take away;to set apart,,,,Godan verb with 'ku' ending | transitive verb,to remove | to deinstall | to take away | to set apart,scene_image,72,person_action_scene,action_state,person removing,取り除く,action_state,verb can be shown as an action scene,Tanos JLPT vocabulary,,
n1_01019,N1,受け止める,うけとめる,,to catch;to stop the blow;to react to;to take,,,,Ichidan verb | transitive verb,"to catch | to stop the blow | to react to | to take (advice, etc.) | to accept",scene_image,72,person_action_scene,action_state,person catching,受け止める,action_state,verb can be shown as an action scene,Tanos JLPT vocabulary,,
n1_01022,N1,口ずさむ,くちずさむ,,to hum something;to sing to oneself,,,,Godan verb with 'mu' ending | transitive verb,to hum (a tune) | to sing to oneself | to croon,scene_image,72,person_action_scene,action_state,person humming something,口ずさむ,action_state,verb can be shown as an action scene,Tanos JLPT vocabulary,,
n1_01028,N1,召す,めす,,to call;to send for;to put on;to wear;to take (a bath);to ride in;to buy;to eat;to drink;to catch (a,,,,Godan verb with 'su' ending | transitive verb,to call | to summon | to send for | to invite | to eat,scene_image,72,person_action_scene,action_state,person calling,召す,action_state,verb can be shown as an action scene,Tanos JLPT vocabulary,,
n1_01047,N1,合わす,あわす,,to join together;to face;to unite;to be opposite;to combine;to connect;to add up;to mix;to match;to,,,,Godan verb with 'su' ending | transitive verb,"to match (rhythm, speed, etc.) | to join together | to unite | to combine | to add up",scene_image,72,person_action_scene,action_state,person joining together,合わす,action_state,verb can be shown as an action scene,Tanos JLPT vocabulary,,
n1_01057,N1,吊るす,つるす,,to hang,,,,Godan verb with 'su' ending | transitive verb,to hang | to hang up,scene_image,72,person_action_scene,action_state,person hanging,吊るす,action_state,verb can be shown as an action scene,Tanos JLPT vocabulary,,
n1_01102,N1,呼び止める,よびとめる,,to challenge;to call somebody to halt,,,,Ichidan verb | transitive verb,to (call and) stop | to call (someone) to stop | to hail (e.g. a taxi),scene_image,72,person_action_scene,action_state,person challenging,呼び止める,action_state,verb can be shown as an action scene,Tanos JLPT vocabulary,,
n1_01115,N1,唱える,となえる,,to recite;to chant;to call upon,,,,Ichidan verb | transitive verb,to recite | to chant | to cry | to yell | to shout,scene_image,72,person_action_scene,action_state,person reciting,唱える,action_state,verb can be shown as an action scene,Tanos JLPT vocabulary,,
n1_01122,N1,問う,とう,,to ask;to question;to charge (i.e. with a crime);to accuse;without regard to (neg),,,,Godan verb with 'u' ending (special class) | transitive verb,to ask | to inquire | to blame (someone) for | to accuse of | to pursue (question of responsibility),scene_image,72,person_action_scene,action_state,person asking,問う,action_state,verb can be shown as an action scene,Tanos JLPT vocabulary,,
n1_01130,N1,営む,いとなむ,,to carry on (e.g. in ceremony);to run a business,,,,Godan verb with 'mu' ending | transitive verb,"to run (a business) | to operate | to conduct | to practice (law, medicine, etc.) | to carry out",scene_image,72,person_action_scene,action_state,person carrying on,営む,action_state,verb can be shown as an action scene,Tanos JLPT vocabulary,,
n1_01135,N1,嘗める,なめる,,to lick;to taste;to experience;to make fun of;to make light of;to put down;to treat with contempt,,,,Ichidan verb | transitive verb,to lick | to lap | to suck | to taste | to experience (esp. a hardship),scene_image,72,person_action_scene,action_state,person licking,嘗める,action_state,verb can be shown as an action scene,Tanos JLPT vocabulary,,
n1_01139,N1,噛み切る,かみきる,,to bite off;to gnaw through,,,,Godan verb with 'ru' ending | transitive verb,to bite off | to gnaw through,scene_image,72,person_action_scene,action_state,person biting off,噛み切る,action_state,verb can be shown as an action scene,Tanos JLPT vocabulary,,
n1_01140,N1,噛る,かじる,,to chew;to bite (at);to gnaw;to nibble;to munch;to crunch;to have a smattering of,,,,Godan verb with 'ru' ending | transitive verb,to gnaw | to nibble | to bite | to munch | to crunch,scene_image,72,person_action_scene,action_state,person chewwing,噛る,action_state,verb can be shown as an action scene,Tanos JLPT vocabulary,,
n1_01145,N1,囀る,さえずる,,to sing;to chirp;to twitter,,,,Godan verb with 'ru' ending | intransitive verb,to sing | to chirp | to twitter,scene_image,72,person_action_scene,action_state,person singing,囀る,action_state,verb can be shown as an action scene,Tanos JLPT vocabulary,,
n1_01154,N1,固める,かためる,,to harden;to freeze;to fortify,,,,Ichidan verb | transitive verb,to harden | to freeze | to strengthen | to solidify | to make (a fist),scene_image,72,person_action_scene,action_state,person hardenning,固める,action_state,verb can be shown as an action scene,Tanos JLPT vocabulary,,
n1_01183,N1,垂れる,たれる,,to hang;to droop;to drop;to lower;to pull down;to dangle;to sag;to drip;to ooze;to trickle;to leave,,,,Ichidan verb | intransitive verb | transitive verb,to hang | to droop | to dangle | to sag | to lower,scene_image,72,person_action_scene,action_state,person hanging,垂れる,action_state,verb can be shown as an action scene,Tanos JLPT vocabulary,,
n1_01185,N1,埋まる,うずまる,,to be buried;to be surrounded;to overflow;to be filled,,,,Godan verb with 'ru' ending | intransitive verb,to be buried | to be covered | to be surrounded | to overflow | to be crowded,scene_image,72,person_action_scene,action_state,person being buried,埋まる,action_state,verb can be shown as an action scene,Tanos JLPT vocabulary,,
n1_01186,N1,埋め込む,うめこむ,,to bury,,,,Godan verb with 'mu' ending | transitive verb,to bury | to embed | to implant,scene_image,72,person_action_scene,action_state,person burying,埋め込む,action_state,verb can be shown as an action scene,Tanos JLPT vocabulary,,
n1_01202,N1,填まる,はまる,,to get into;to go into;to fit;to be fit for;to suit;to fall into;to plunge into;to be deceived;to be,,,,Godan verb with 'ru' ending | intransitive verb,"to fit | to get into | to go into | to be fitted with (e.g. door with a window) | to be fit for (a job, etc.)",scene_image,72,person_action_scene,action_state,person getting into,填まる,action_state,verb can be shown as an action scene,Tanos JLPT vocabulary,,
n1_01203,N1,填める,はめる,,to get in;to insert;to put on;to make love,,,,Ichidan verb | transitive verb,to cover | to bury (e.g. one's face in hands) | to submerge | to fill (completely) | to stuff,scene_image,72,person_action_scene,action_state,person getting in,填める,action_state,verb can be shown as an action scene,Tanos JLPT vocabulary,,
n1_01216,N1,売り出す,うりだす,,to put on sale;to market;to become popular,,,,Godan verb with 'su' ending | transitive verb | intransitive verb,to put on the market | to put out for sale | to put on sale | to begin selling | to market,scene_image,72,person_action_scene,action_state,person putting on sale,売り出す,action_state,verb can be shown as an action scene,Tanos JLPT vocabulary,,
n1_01352,N1,寄こす,よこす,,to send;to forward,,,,Godan verb with 'su' ending | transitive verb,to send | to forward | to hand over (e.g. money),scene_image,72,person_action_scene,action_state,person sending,寄こす,action_state,verb can be shown as an action scene,Tanos JLPT vocabulary,,
n1_01353,N1,寄り掛かる,よりかかる,,to lean against;to recline on;to lean on;to rely on,,,,Godan verb with 'ru' ending | intransitive verb,to lean against | to recline on | to lean on | to rely on | to depend on,scene_image,72,person_action_scene,action_state,person leaning against,寄り掛かる,action_state,verb can be shown as an action scene,Tanos JLPT vocabulary,,
n1_01365,N1,寝かせる,ねかせる,,to put to bed;to lay down;to ferment,,,,Ichidan verb | transitive verb,"to put to bed | to let sleep | to lay (something) down | to put on its side | to let (money, goods, etc.) lie idle",scene_image,72,person_action_scene,action_state,person putting to bed,寝かせる,action_state,verb can be shown as an action scene,Tanos JLPT vocabulary,,
n1_01449,N1,帯びる,おびる,,to wear;to carry;to be entrusted;to have;to take on;to have a trace of;to be tinged with,,,,Ichidan verb | transitive verb,"to wear (a sword, decoration, etc.) | to carry | to bear | to be entrusted with (a mission) | to be charged with",scene_image,72,person_action_scene,action_state,person wearing,帯びる,action_state,verb can be shown as an action scene,Tanos JLPT vocabulary,,
n1_01495,N1,引きずる,ひきずる,,to seduce;to drag along;to pull;to prolong;to support,,,,Godan verb with 'ru' ending | transitive verb,to drag | to trail | to pull along the ground | to lug | to force (someone) along,scene_image,72,person_action_scene,action_state,person seducing,引きずる,action_state,verb can be shown as an action scene,Tanos JLPT vocabulary,,
n1_01496,N1,引き上げる,ひきあげる,,to withdraw;to leave;to pull out;to retire,,,,Ichidan verb | transitive verb,to pull up | to drag up | to lift up | to increase | to raise (e.g. taxes),scene_image,72,person_action_scene,action_state,person withdrawwing,引き上げる,action_state,verb can be shown as an action scene,Tanos JLPT vocabulary,,
n1_01497,N1,引き下げる,ひきさげる,,to pull down;to lower;to reduce;to withdraw,,,,Ichidan verb | transitive verb,"to lower (a price, tax, standard, etc.) | to bring down | to reduce | to cut | to demote",scene_image,72,person_action_scene,action_state,person pulling down,引き下げる,action_state,verb can be shown as an action scene,Tanos JLPT vocabulary,,
n1_01600,N1,怒鳴る,どなる,,to shout;to yell,,,,Godan verb with 'ru' ending | intransitive verb,to shout (in anger) | to yell,scene_image,72,person_action_scene,action_state,person shouting,怒鳴る,action_state,verb can be shown as an action scene,Tanos JLPT vocabulary,,
n1_01727,N1,打ち切る,うちきる,,to stop;to abort;to discontinue;to close,,,,Godan verb with 'ru' ending | transitive verb,to stop | to abort | to discontinue | to close,scene_image,72,person_action_scene,action_state,person stopping,打ち切る,action_state,verb can be shown as an action scene,Tanos JLPT vocabulary,,
n1_01729,N1,打ち合わせる,うちあわせる,,to knock together;to arrange,,,,Ichidan verb | transitive verb,to knock together | to strike against each other | to clash | to arrange (e.g. a meeting) | to discuss (in advance),scene_image,72,person_action_scene,action_state,person knocking together,打ち合わせる,action_state,verb can be shown as an action scene,Tanos JLPT vocabulary,,
n1_01731,N1,打ち込む,うちこむ,,to drive in (e.g. nail stake);to devote oneself to;to shoot into;to smash;to throw into;to cast int,,,,Godan verb with 'mu' ending | transitive verb,"to drive in (a nail, stake, etc.) | to hammer in | to hit (a ball, etc.) | to drive | to smash",scene_image,72,person_action_scene,action_state,person driving in,打ち込む,action_state,verb can be shown as an action scene,Tanos JLPT vocabulary,,
n1_01732,N1,打付ける,ぶつける,,to knock;to run into;to nail on;to strike hard;to hit and attack,,,,Ichidan verb | transitive verb,to nail (to something) | to nail down | to fasten (to) | to drive (a nail; into) | to bang (e.g. one's head),scene_image,72,person_action_scene,action_state,person knocking,打付ける,action_state,verb can be shown as an action scene,Tanos JLPT vocabulary,,
n1_01744,N1,投げ出す,なげだす,,to throw down;to abandon;to sacrifice;to throw out,,,,Godan verb with 'su' ending | transitive verb,to throw down | to throw out | to stretch out (one's legs) | to abandon | to resign,scene_image,72,person_action_scene,action_state,person throwwing down,投げ出す,action_state,verb can be shown as an action scene,Tanos JLPT vocabulary,,
n1_01749,N1,折り返す,おりかえす,,to turn up;to fold back,,,,Godan verb with 'su' ending | transitive verb,"to turn up (hem, sleeves, etc.) | to fold back (e.g. page) | to turn back | to double back | to return",scene_image,72,person_action_scene,action_state,person turning up,折り返す,action_state,verb can be shown as an action scene,Tanos JLPT vocabulary,,
n1_01753,N1,押さえる,おさえる,,to stop;to restrain;to seize;to repress;to suppress;to press down,,,,Ichidan verb | transitive verb,to pin down | to hold down | to press down | to hold in place | to hold steady,scene_image,72,person_action_scene,action_state,person stopping,押さえる,action_state,verb can be shown as an action scene,Tanos JLPT vocabulary,,
n1_01754,N1,押し寄せる,おしよせる,,to push aside;to advance on,,,,Ichidan verb | intransitive verb,to advance on | to close in | to march on | to descend on (the enemy) | to move towards,scene_image,72,person_action_scene,action_state,person pushing aside,押し寄せる,action_state,verb can be shown as an action scene,Tanos JLPT vocabulary,,
n1_01755,N1,押し込む,おしこむ,,to push into;to crowd into,,,,Godan verb with 'mu' ending | intransitive verb | transitive verb,to push into | to cram into | to stuff into | to crowd into | to break in,scene_image,72,person_action_scene,action_state,person pushing into,押し込む,action_state,verb can be shown as an action scene,Tanos JLPT vocabulary,,
n1_01757,N1,担う,になう,,to carry on shoulder;to bear (burden);to shoulder (gun),,,,Godan verb with 'u' ending | transitive verb,"to carry on one's shoulder | to shoulder | to bear | to bear (a burden, responsibility, etc.) | to take upon oneself",scene_image,72,person_action_scene,action_state,person carrying on shoulder,担う,action_state,verb can be shown as an action scene,Tanos JLPT vocabulary,,
n1_01759,N1,拐う,さらう,,to carry off;to run away with;to kidnap;to abduct,,,,Godan verb with 'u' ending | transitive verb,to carry off | to run away with | to sweep away | to snatch | to kidnap,scene_image,72,person_action_scene,action_state,person carrying off,拐う,action_state,verb can be shown as an action scene,Tanos JLPT vocabulary,,
n1_01768,N1,拵える,こしらえる,,to make;to manufacture,,,,Ichidan verb | transitive verb,to make | to manufacture | to fabricate | to build | to construct,scene_image,72,person_action_scene,action_state,person making,拵える,action_state,verb can be shown as an action scene,Tanos JLPT vocabulary,,
n1_01772,N1,持て成す,もてなす,,to entertain;to make welcome,,,,Godan verb with 'su' ending | transitive verb,to treat (a guest) | to receive | to entertain | to be hospitable to | to make welcome,scene_image,72,person_action_scene,action_state,person entertaining,持て成す,action_state,verb can be shown as an action scene,Tanos JLPT vocabulary,,
n1_01776,N1,指差す,ゆびさす,,to point at,,,,Godan verb with 'su' ending | transitive verb,to point at,scene_image,72,person_action_scene,action_state,person pointing at,指差す,action_state,verb can be shown as an action scene,Tanos JLPT vocabulary,,
n1_01780,N1,挑む,いどむ,,to challenge;to contend for;to make love to,,,,Godan verb with 'mu' ending | transitive verb | intransitive verb,"to challenge to (a fight, game, etc.) | to throw down the gauntlet | to contend for | to tackle (e.g. a problem) | to attempt",scene_image,72,person_action_scene,action_state,person challenging,挑む,action_state,verb can be shown as an action scene,Tanos JLPT vocabulary,,
n1_01786,N1,捕らえる,とらえる,,to seize;to grasp;to capture;to arrest,,,,Ichidan verb | transitive verb,to catch | to capture | to seize | to arrest | to grab,scene_image,72,person_action_scene,action_state,person seizing,捕らえる,action_state,verb can be shown as an action scene,Tanos JLPT vocabulary,,
n1_01794,N1,捧げる,ささげる,,to lift up;to give;to offer;to consecrate;to devote;to sacrifice;to dedicate,,,,Ichidan verb | transitive verb,to lift up | to hold up | to hold above eye level | to give | to offer,scene_image,72,person_action_scene,action_state,person lifting up,捧げる,action_state,verb can be shown as an action scene,Tanos JLPT vocabulary,,
n1_01815,N1,控える,ひかえる,,to draw in;to hold back;to make notes;to be temperate in,,,,Ichidan verb | transitive verb | intransitive verb,to be temperate in | to refrain | to abstain | to hold back | to restrain oneself from excessive ...,scene_image,72,person_action_scene,action_state,person drawwing in,控える,action_state,verb can be shown as an action scene,Tanos JLPT vocabulary,,
n1_01833,N1,揶揄う,からかう,,to ridicule;to tease;to banter with;to make fun of,,,,Godan verb with 'u' ending | transitive verb,to tease | to make fun of | to poke fun at | to make a crack about | to chaff,scene_image,72,person_action_scene,action_state,person ridiculing,揶揄う,action_state,verb can be shown as an action scene,Tanos JLPT vocabulary,,
n1_01834,N1,揺さぶる,ゆさぶる,,to shake;to jolt;to rock;to swing,,,,Godan verb with 'ru' ending | transitive verb,to shake | to jolt | to rock | to swing | to sway,scene_image,72,person_action_scene,action_state,person shaking,揺さぶる,action_state,verb can be shown as an action scene,Tanos JLPT vocabulary,,
n1_01835,N1,揺らぐ,ゆらぐ,,to swing;to sway;to shake;to tremble,,,,Godan verb with 'gu' ending | intransitive verb,to swing | to sway | to shake | to tremble | to waver,scene_image,72,person_action_scene,action_state,person swinging,揺らぐ,action_state,verb can be shown as an action scene,Tanos JLPT vocabulary,,
n1_01840,N1,摘む,つまむ,,to pinch;to hold;to pick up,,,,Godan verb with 'mu' ending | transitive verb,to pick | to pluck | to snip | to cut | to nip,scene_image,72,person_action_scene,action_state,person pinching,摘む,action_state,verb can be shown as an action scene,Tanos JLPT vocabulary,,
n1_01841,N1,操る,あやつる,,to manipulate;to operate;to pull strings,,,,Godan verb with 'ru' ending | transitive verb,to operate (e.g. a machine) | to handle | to manage | to control | to maneuver,scene_image,72,person_action_scene,action_state,person manipulating,操る,action_state,verb can be shown as an action scene,Tanos JLPT vocabulary,,
n1_01844,N1,擦れる,すれる,,to rub;to chafe;to wear;to become sophisticated,,,,Ichidan verb | intransitive verb,to get blurred | to get hoarse | to get husky | to graze | to scrape,scene_image,72,person_action_scene,action_state,person rubbing,擦れる,action_state,verb can be shown as an action scene,Tanos JLPT vocabulary,,
n1_01856,N1,放り出す,ほうりだす,,to throw out;to fire;to expel;to give up;to abandon;to neglect,,,,Godan verb with 'su' ending | transitive verb,to throw out | to drop | to toss | to dump | to abandon,scene_image,72,person_action_scene,action_state,person throwwing out,放り出す,action_state,verb can be shown as an action scene,Tanos JLPT vocabulary,,
n1_01857,N1,放り込む,ほうりこむ,,to throw into,,,,Godan verb with 'mu' ending | transitive verb,to throw into | to toss into | to throw-in | to play a throw-in,scene_image,72,person_action_scene,action_state,person throwwing into,放り込む,action_state,verb can be shown as an action scene,Tanos JLPT vocabulary,,
n1_01880,N1,散蒔く,ばらまく,,to disseminate;to scatter;to give money freely,,,,Godan verb with 'ku' ending | transitive verb,to scatter | to disseminate (e.g. a rumor) | to spread (e.g. germs) | to broadcast | to distribute widely (e.g. leaflets),scene_image,72,person_action_scene,action_state,person disseminating,散蒔く,action_state,verb can be shown as an action scene,Tanos JLPT vocabulary,,
n1_01883,N1,整える,ととのえる,,to put in order;to get ready;to arrange;to adjust,,,,Ichidan verb | transitive verb,to put in order | to arrange | to tidy up | to fix | to straighten,scene_image,72,person_action_scene,action_state,person putting in order,整える,action_state,verb can be shown as an action scene,Tanos JLPT vocabulary,,
n1_01907,N1,施す,ほどこす,,to donate;to give;to conduct;to apply;to perform,,,,Godan verb with 'su' ending | transitive verb,"to give (time, money, goods) | to donate | to do | to perform | to conduct",scene_image,72,person_action_scene,action_state,person donating,施す,action_state,verb can be shown as an action scene,Tanos JLPT vocabulary,,
n1_01939,N1,映える,はえる,,to shine;to look attractive;to look pretty,,,,Ichidan verb | intransitive verb,to shine | to glow | to look attractive | to look nice | to be set off (by),scene_image,72,person_action_scene,action_state,person shining,映える,action_state,verb can be shown as an action scene,Tanos JLPT vocabulary,,
n1_01963,N1,曲がる,まがる,,to turn;to bend,,,,Godan verb with 'ru' ending | intransitive verb,to bend | to curve | to warp | to wind | to twist,scene_image,72,person_action_scene,action_state,person turning,曲がる,action_state,verb can be shown as an action scene,Tanos JLPT vocabulary,,
n1_01965,N1,書き取る,かきとる,,to write down;to take dictation;to take notes,,,,Godan verb with 'ru' ending | transitive verb,to write down (what someone says) | to take down dictation | to take notes (e.g. of a lecture) | to copy out (a text),scene_image,72,person_action_scene,action_state,person writing down,書き取る,action_state,verb can be shown as an action scene,Tanos JLPT vocabulary,,
n1_02021,N1,果たす,はたす,,to accomplish;to fulfill;to carry out;to achieve,,,,Godan verb with 'su' ending | transitive verb,to accomplish | to achieve | to carry out | to fulfill | to fulfil,scene_image,72,person_action_scene,action_state,person accomplishing,果たす,action_state,verb can be shown as an action scene,Tanos JLPT vocabulary,,
n1_02027,N1,染みる,しみる,,to pierce;to permeate,,,,Ichidan verb | intransitive verb,to soak (into) | to permeate | to seep (in) | to penetrate | to pierce,scene_image,72,person_action_scene,action_state,person piercing,染みる,action_state,verb can be shown as an action scene,Tanos JLPT vocabulary,,
n1_02102,N1,止める,とどめる,,to stop;to cease;to put an end to,,,,Ichidan verb | transitive verb,to stop | to turn off | to park | to prevent | to suppress (a cough),scene_image,72,person_action_scene,action_state,person stopping,止める,action_state,verb can be shown as an action scene,Tanos JLPT vocabulary,,
n1_02117,N1,歩む,あゆむ,,to walk;to go on foot,,,,Godan verb with 'mu' ending | intransitive verb,to walk | to go on foot | to tread (a figurative path) | to follow | to lead (a life),scene_image,72,person_action_scene,action_state,person walking,歩む,action_state,verb can be shown as an action scene,Tanos JLPT vocabulary,,
n1_02129,N1,殴る,なぐる,,to strike;to hit,,,,Godan verb with 'ru' ending | transitive verb,to strike | to hit | to beat | to punch,scene_image,72,person_action_scene,action_state,person striking,殴る,action_state,verb can be shown as an action scene,Tanos JLPT vocabulary,,
n1_02139,N1,毟る,むしる,,to pluck;to pick;to tear,,,,Godan verb with 'ru' ending | transitive verb,to pluck | to pick | to tear,scene_image,72,person_action_scene,action_state,person plucking,毟る,action_state,verb can be shown as an action scene,Tanos JLPT vocabulary,,
n1_02151,N1,気触れる,かぶれる,,to react to;to be influenced by;to go overboard for,,,,Ichidan verb | intransitive verb,to develop a rash or inflammation (e.g. in response to a skin irritant) | to react to (something) | to be strongly influenced (usu. negative or critical nuance),scene_image,72,person_action_scene,action_state,person reacting to,気触れる,action_state,verb can be shown as an action scene,Tanos JLPT vocabulary,,
n1_02191,N1,沿う,そう,,to run along;to follow,,,,Godan verb with 'u' ending | intransitive verb,"to run along | to run beside | to stick to (a line) | to follow (a policy, plan, etc.) | to act in accordance with",scene_image,72,person_action_scene,action_state,person running along,沿う,action_state,verb can be shown as an action scene,Tanos JLPT vocabulary,,
n1_02202,N1,洒落る,しゃれる,,to joke;to play on words;to dress stylishly,,,,Ichidan verb | intransitive verb,to dress stylishly | to joke | to play on words,scene_image,72,person_action_scene,action_state,person joking,洒落る,action_state,verb can be shown as an action scene,Tanos JLPT vocabulary,,
n1_02205,N1,活ける,いける,,to arrange (flowers),,,,Ichidan verb | transitive verb | noun or verb acting prenominally,to arrange (flowers) | to plant | living | live,scene_image,72,person_action_scene,action_state,person arranging,活ける,action_state,verb can be shown as an action scene,Tanos JLPT vocabulary,,
n1_02217,N1,浮かぶ,うかぶ,,to float;to rise to surface;to come to mind,,,,Godan verb with 'bu' ending | intransitive verb,to float | to be suspended | to rise to the surface | to appear | to emerge,scene_image,72,person_action_scene,action_state,person floating,浮かぶ,action_state,verb can be shown as an action scene,Tanos JLPT vocabulary,,
n1_02226,N1,浸す,ひたす,,to soak;to dip;to drench,,,,Godan verb with 'su' ending | transitive verb,to soak | to dip | to steep | to immerse | to moisten,scene_image,72,person_action_scene,action_state,person soaking,浸す,action_state,verb can be shown as an action scene,Tanos JLPT vocabulary,,
n1_02231,N1,涸れる,かれる,,to dry up;to run out,,,,Ichidan verb | intransitive verb,"to dry up (spring, pond, etc.) | to run out",scene_image,72,person_action_scene,action_state,person drying up,涸れる,action_state,verb can be shown as an action scene,Tanos JLPT vocabulary,,
n1_02237,N1,添える,そえる,,to add to;to attach;to append;to accompany;to garnish;to imitate;to annex,,,,Ichidan verb | transitive verb,"to garnish | to accompany (as a card does a gift) | to add to as support | to prop up | to accompany (as an aid, guide, translator, etc.)",scene_image,72,person_action_scene,action_state,person adding to,添える,action_state,verb can be shown as an action scene,Tanos JLPT vocabulary,,
n1_02262,N1,溢れる,あふれる,,to flood;to overflow;to brim over,,,,Ichidan verb | intransitive verb,"to fail (in getting a job) | to miss out (at fishing, hunting, etc.) | to be left out | to be crowded out",scene_image,72,person_action_scene,action_state,person flooding,溢れる,action_state,verb can be shown as an action scene,Tanos JLPT vocabulary,,
n1_02264,N1,滅びる,ほろびる,,to be ruined;to go under;to perish;to be destroyed,,,,Ichidan verb | intransitive verb,to go to ruin | to go under | to fall | to be destroyed | to die out,scene_image,72,person_action_scene,action_state,person being ruined,滅びる,action_state,verb can be shown as an action scene,Tanos JLPT vocabulary,,
n1_02272,N1,滲む,にじむ,,to run;to blur;to spread;to blot;to ooze,,,,Godan verb with 'mu' ending | intransitive verb,to run (of liquid) | to spread | to bleed | to blot | to blur,scene_image,72,person_action_scene,action_state,person running,滲む,action_state,verb can be shown as an action scene,Tanos JLPT vocabulary,,
n1_02275,N1,漂う,ただよう,,to drift about;to float;to hang in air,,,,Godan verb with 'u' ending | intransitive verb,to drift | to float | to waft (e.g. a scent) | to hang in the air | to be in the air (e.g. a feeling or mood),scene_image,72,person_action_scene,action_state,person drifting about,漂う,action_state,verb can be shown as an action scene,Tanos JLPT vocabulary,,
n1_02277,N1,漏る,もる,,to leak;to run out,,,,Godan verb with 'ru' ending | intransitive verb,to leak | to run out,scene_image,72,person_action_scene,action_state,person leaking,漏る,action_state,verb can be shown as an action scene,Tanos JLPT vocabulary,,
n1_02278,N1,漏れる,もれる,,to leak out;to escape;to come through;to shine through;to filter out;to be omitted,,,,Ichidan verb | intransitive verb,to leak out | to escape | to come through | to shine through | to filter out,scene_image,72,person_action_scene,action_state,person leaking out,漏れる,action_state,verb can be shown as an action scene,Tanos JLPT vocabulary,,
n1_02279,N1,演じる,えんじる,,to perform (a play);to play (a part);to act (a part);to commit (a blunder),,,,Ichidan verb | transitive verb,"to act (a part) | to play (a role) | to perform (a play, etc.) | to put on (a production) | to commit (e.g. a blunder)",scene_image,72,person_action_scene,action_state,person performing,演じる,action_state,verb can be shown as an action scene,Tanos JLPT vocabulary,,
n1_02280,N1,演ずる,えんずる,,to perform;to play,,,,Ichidan verb - zuru verb (alternative form of -jiru verbs) | transitive verb,"to act (a part) | to play (a role) | to perform (a play, etc.) | to put on (a production) | to commit (a blunder)",scene_image,72,person_action_scene,action_state,person performing,演ずる,action_state,verb can be shown as an action scene,Tanos JLPT vocabulary,,
n1_02286,N1,潜る,くぐる,,1. to drive;to pass through; 2. to evade;to hide; 3. to dive (into or under water);to go undergro,,,,Godan verb with 'ru' ending | intransitive verb,to go under | to pass under | to go through | to pass through | to dive (into or under the water),scene_image,72,person_action_scene,action_state,person 1.ing to drive,潜る,action_state,verb can be shown as an action scene,Tanos JLPT vocabulary,,
n1_02289,N1,潤う,うるおう,,to be moist;to be damp;to get wet;to profit by;to be watered;to receive benefits;to favor;to charm;t,,,,Godan verb with 'u' ending | intransitive verb,to become moist | to be moistened | to become damp | to get wet | to profit (from),scene_image,72,person_action_scene,action_state,person being moist,潤う,action_state,verb can be shown as an action scene,Tanos JLPT vocabulary,,
n1_02291,N1,澄ます,すます,,to clear;to make clear;to be unruffled;to look unconcerned;to look demure;look prim;put on airs,,,,Godan verb with 'su' ending | transitive verb,to clear | to make clear | to be unruffled | to look unconcerned | to feign indifference,scene_image,72,person_action_scene,action_state,person clearing,澄ます,action_state,verb can be shown as an action scene,Tanos JLPT vocabulary,,
n1_02295,N1,濯ぐ,すすぐ,,to rinse;to wash out,,,,Godan verb with 'gu' ending | transitive verb,to rinse | to wash out | to have one's revenge | to wipe out a disgrace,scene_image,72,person_action_scene,action_state,person rinsing,濯ぐ,action_state,verb can be shown as an action scene,Tanos JLPT vocabulary,,
n1_02305,N1,炙る,あぶる,,to scorch,,,,Godan verb with 'ru' ending | transitive verb,to warm (e.g. one's hands over a fire) | to dry | to toast | to grill | to broil,scene_image,72,person_action_scene,action_state,person scorching,炙る,action_state,verb can be shown as an action scene,Tanos JLPT vocabulary,,
n1_02343,N1,照り返す,てりかえす,,to reflect;to throw back light,,,,Godan verb with 'su' ending | intransitive verb,to reflect | to throw back light,scene_image,72,person_action_scene,action_state,person reflecting,照り返す,action_state,verb can be shown as an action scene,Tanos JLPT vocabulary,,
n1_02410,N1,生かす,いかす,,to revive;to resuscitate;to make use of,,,,Godan verb with 'su' ending | transitive verb,"to make (the best) use of | to put to good use | to leverage (skills, attributes, experience, etc.) | to capitalise on (experience, etc.) | to let live",scene_image,72,person_action_scene,action_state,person reviving,生かす,action_state,verb can be shown as an action scene,Tanos JLPT vocabulary,,
n1_02412,N1,生やす,はやす,,to grow;to cultivate;to wear beard,,,,Godan verb with 'su' ending | transitive verb,to grow | to cultivate | to let grow (e.g. weeds),scene_image,72,person_action_scene,action_state,person growwing,生やす,action_state,verb can be shown as an action scene,Tanos JLPT vocabulary,,
n1_02421,N1,産む,うむ,,to give birth;to deliver;to produce,,,,Godan verb with 'mu' ending | transitive verb,to give birth | to bear (child) | to lay (eggs) | to produce | to yield,scene_image,72,person_action_scene,action_state,person giving birth,産む,action_state,verb can be shown as an action scene,Tanos JLPT vocabulary,,
n1_02435,N1,申し出る,もうしでる,,to report to;to tell;to suggest;to submit;to request;to make an offer;to come forward with informati,,,,Ichidan verb | transitive verb,to offer | to propose | to suggest | to put forward | to request,scene_image,72,person_action_scene,action_state,person reporting to,申し出る,action_state,verb can be shown as an action scene,Tanos JLPT vocabulary,,
n1_02443,N1,留める,とどめる,,to stop;to cease;to put an end to,,,,Ichidan verb | transitive verb,to stop | to turn off | to park | to prevent | to suppress (a cough),scene_image,72,person_action_scene,action_state,person stopping,留める,action_state,verb can be shown as an action scene,Tanos JLPT vocabulary,,
n1_02460,N1,病む,やむ,,to fall ill;to be ill,,,,Godan verb with 'mu' ending | intransitive verb | transitive verb,to fall ill | to suffer from (e.g. a disease) | to have something wrong with (e.g. an inner organ) | to be depressed | to feel down,scene_image,72,person_action_scene,action_state,person falling ill,病む,action_state,verb can be shown as an action scene,Tanos JLPT vocabulary,,
n1_02467,N1,痺れる,しびれる,,to become numb;to go to sleep (i.e. a limb),,,,Ichidan verb | intransitive verb,to become numb | to go to sleep (e.g. a limb) | to get an electric shock | to tingle (from an electric shock) | to be excited,scene_image,72,person_action_scene,action_state,person becoming numb,痺れる,action_state,verb can be shown as an action scene,Tanos JLPT vocabulary,,
n1_02542,N1,瞑る,つぶる,,to close the eyes,,,,Godan verb with 'ru' ending | transitive verb,to close (one's eyes) | to shut,scene_image,72,person_action_scene,action_state,person closing the eyes,瞑る,action_state,verb can be shown as an action scene,Tanos JLPT vocabulary,,
n1_02556,N1,研ぐ,とぐ,,to sharpen;to grind;to scour;to hone;to polish;to wash (rice),,,,Godan verb with 'gu' ending | transitive verb,to sharpen | to hone | to whet | to grind | to wash (rice),scene_image,72,person_action_scene,action_state,person sharpenning,研ぐ,action_state,verb can be shown as an action scene,Tanos JLPT vocabulary,,
n1_02594,N1,称する,しょうする,,to pretend;to take the name of;to feign;to purport,,,,suru verb - special class | transitive verb,to call | to name | to call oneself ... | to go by the name of ... | to purport (to be),scene_image,72,person_action_scene,action_state,person pretending,称する,action_state,verb can be shown as an action scene,Tanos JLPT vocabulary,,
n1_02636,N1,築く,きずく,,to build;to pile up;to amass,,,,Godan verb with 'ku' ending | transitive verb,"to build | to construct | to erect | to build up (a reputation, position, fortune, etc.) | to establish (a relationship, household, tradition, etc.)",scene_image,72,person_action_scene,action_state,person building,築く,action_state,verb can be shown as an action scene,Tanos JLPT vocabulary,,
n1_02674,N1,組み込む,くみこむ,,to insert;to include;to cut in (printing),,,,Godan verb with 'mu' ending | transitive verb,to insert | to include | to incorporate | to install | to embed,scene_image,72,person_action_scene,action_state,person inserting,組み込む,action_state,verb can be shown as an action scene,Tanos JLPT vocabulary,,
n1_02684,N1,結び付ける,むすびつける,,to combine;to join;to tie on;to attach with a knot,,,,Ichidan verb | transitive verb,to tie (to) | to fasten | to attach | to join | to bind,scene_image,72,person_action_scene,action_state,person combining,結び付ける,action_state,verb can be shown as an action scene,Tanos JLPT vocabulary,,
n1_02700,N1,絶つ,たつ,,to sever;to cut off;to suppress;to abstain (from),,,,Godan verb with 'tsu' ending | transitive verb,to sever | to cut off | to suppress | to eradicate | to exterminate,scene_image,72,person_action_scene,action_state,person severring,絶つ,action_state,verb can be shown as an action scene,Tanos JLPT vocabulary,,
n1_02706,N1,綴じる,とじる,,to bind;to file,,,,Ichidan verb | transitive verb,to bind | to file | to finish (a dish) by pouring beaten egg into the broth | to sew up | to stitch together,scene_image,72,person_action_scene,action_state,person binding,綴じる,action_state,verb can be shown as an action scene,Tanos JLPT vocabulary,,
n1_02707,N1,綻びる,ほころびる,,to come apart at the seams;to begin to open;to smile broadly,,,,Ichidan verb | intransitive verb,to come apart at the seams | to be ripped | to be torn | to begin to open | to begin to bloom,scene_image,72,person_action_scene,action_state,person coming apart at the seams,綻びる,action_state,verb can be shown as an action scene,Tanos JLPT vocabulary,,
n1_02728,N1,織る,おる,,to weave,,,,Godan verb with 'ru' ending | transitive verb,to weave,scene_image,72,person_action_scene,action_state,person weaving,織る,action_state,verb can be shown as an action scene,Tanos JLPT vocabulary,,
n1_02730,N1,繕う,つくろう,,to mend;to repair;to fix;to patch up;to darn;to tidy up;to adjust;to trim,,,,Godan verb with 'u' ending | transitive verb,to mend | to patch up | to repair | to fix | to darn,scene_image,72,person_action_scene,action_state,person mending,繕う,action_state,verb can be shown as an action scene,Tanos JLPT vocabulary,,
n1_02734,N1,罵る,ののしる,,to speak ill of;to abuse,,,,Godan verb with 'ru' ending | transitive verb,to abuse (verbally) | to curse at | to shout abuse at | to speak ill of,scene_image,72,person_action_scene,action_state,person speaking ill of,罵る,action_state,verb can be shown as an action scene,Tanos JLPT vocabulary,,
n1_02739,N1,群がる,むらがる,,to swarm;to gather,,,,Godan verb with 'ru' ending | intransitive verb,to swarm | to gather,scene_image,72,person_action_scene,action_state,person swarming,群がる,action_state,verb can be shown as an action scene,Tanos JLPT vocabulary,,
n1_02766,N1,背く,そむく,,to run counter to;to go against;to disobey;to infringe,,,,Godan verb with 'ku' ending | intransitive verb,to run counter to | to go against | to disobey | to infringe,scene_image,72,person_action_scene,action_state,person running counter to,背く,action_state,verb can be shown as an action scene,Tanos JLPT vocabulary,,
n1_02769,N1,背負う,しょう,,to be burdened with;to carry on back or shoulder,,,,Godan verb with 'u' ending | transitive verb | intransitive verb,to carry on one's back | to be burdened with | to take responsibility for | to have (something) in the background | to be in front (of something),scene_image,72,person_action_scene,action_state,person being burdened with,背負う,action_state,verb can be shown as an action scene,Tanos JLPT vocabulary,,
n1_02772,N1,脅かす,おどかす,,to threaten;to coerce,,,,Godan verb with 'su' ending | transitive verb,to threaten | to menace | to intimidate | to startle | to frighten,scene_image,72,person_action_scene,action_state,person threatenning,脅かす,action_state,verb can be shown as an action scene,Tanos JLPT vocabulary,,
n1_02773,N1,脅す,おどす,,to threaten;to menace,,,,Godan verb with 'su' ending | transitive verb,to threaten | to menace | to frighten (into doing),scene_image,72,person_action_scene,action_state,person threatenning,脅す,action_state,verb can be shown as an action scene,Tanos JLPT vocabulary,,
n1_02810,N1,興じる,きょうじる,,to amuse oneself;to make merry,,,,Ichidan verb | intransitive verb,to amuse oneself | to make merry,scene_image,72,person_action_scene,action_state,person amusing oneself,興じる,action_state,verb can be shown as an action scene,Tanos JLPT vocabulary,,
n1_02814,N1,舞う,まう,,to dance;to flutter about;to revolve,,,,Godan verb with 'u' ending | intransitive verb,to dance (orig. a whirling dance) | to whirl (in the wind) | to flutter (about) | to swirl | to fly,scene_image,72,person_action_scene,action_state,person dancing,舞う,action_state,verb can be shown as an action scene,Tanos JLPT vocabulary,,
n1_02845,N1,茹でる,ゆでる,,to boil,,,,Ichidan verb | transitive verb,"to boil (something in hot water) | to treat with medicinal steam (a swelling, etc.)",scene_image,72,person_action_scene,action_state,person boiling,茹でる,action_state,verb can be shown as an action scene,Tanos JLPT vocabulary,,
n1_02861,N1,落ち込む,おちこむ,,to fall into;to feel down (sad),,,,Godan verb with 'mu' ending | intransitive verb,"to feel down | to feel sad | to be depressed | to be in low spirits | to be in a slump (business, economy, etc.)",scene_image,72,person_action_scene,action_state,person falling into,落ち込む,action_state,verb can be shown as an action scene,Tanos JLPT vocabulary,,
n1_02869,N1,葬る,ほうむる,,to bury;to inter;to entomb;to consign to oblivion;to shelve,,,,Godan verb with 'ru' ending | transitive verb,to bury | to inter | to entomb | to cover up | to hush up,scene_image,72,person_action_scene,action_state,person burying,葬る,action_state,verb can be shown as an action scene,Tanos JLPT vocabulary,,
n1_02907,N1,衰える,おとろえる,,to become weak;to decline;to wear;to abate;to decay;to wither;to waste away,,,,Ichidan verb | intransitive verb,to become weak | to decline | to wear | to abate | to decay,scene_image,72,person_action_scene,action_state,person becoming weak,衰える,action_state,verb can be shown as an action scene,Tanos JLPT vocabulary,,
n1_02909,N1,裂ける,さける,,to split;to tear;to burst,,,,Ichidan verb | intransitive verb,to split | to tear | to burst | to be separated | to be divided,scene_image,72,person_action_scene,action_state,person splitting,裂ける,action_state,verb can be shown as an action scene,Tanos JLPT vocabulary,,
n1_02927,N1,襲う,おそう,,to attack,,,,Godan verb with 'u' ending | transitive verb,to attack | to assail | to make an assault | to strike | to hunt down,scene_image,72,person_action_scene,action_state,person attacking,襲う,action_state,verb can be shown as an action scene,Tanos JLPT vocabulary,,
n1_02930,N1,要する,ようする,,to demand;to require;to take,,,,suru verb - special class | transitive verb,to need | to demand | to take | to require,scene_image,72,person_action_scene,action_state,person demanding,要する,action_state,verb can be shown as an action scene,Tanos JLPT vocabulary,,
n1_02937,N1,見せびらかす,みせびらかす,,to show off;to flaunt,,,,Godan verb with 'su' ending | transitive verb,to show off | to flaunt,scene_image,72,person_action_scene,action_state,person showwing off,見せびらかす,action_state,verb can be shown as an action scene,Tanos JLPT vocabulary,,
n1_02941,N1,見合わせる,みあわせる,,to exchange glances;to postpone;to suspend operations;to refrain from performing an action,,,,Ichidan verb | transitive verb,to exchange glances | to look at each other | to postpone | to put off | to withhold,scene_image,72,person_action_scene,action_state,person exchanging glances,見合わせる,action_state,verb can be shown as an action scene,Tanos JLPT vocabulary,,
n1_02943,N1,見掛ける,みかける,,to (happen to) see;to notice;to catch sight of,,,,Ichidan verb | transitive verb,to (happen to) see | to notice | to catch sight of,scene_image,72,person_action_scene,action_state,person seeing,見掛ける,action_state,verb can be shown as an action scene,Tanos JLPT vocabulary,,
n1_02946,N1,見渡す,みわたす,,to look out over;to survey (scene);to take an extensive view of,,,,Godan verb with 'su' ending | transitive verb,to look out over | to survey (scene) | to take an extensive view of,scene_image,72,person_action_scene,action_state,person looking out over,見渡す,action_state,verb can be shown as an action scene,Tanos JLPT vocabulary,,
n1_02972,N1,解く,ほどく,,to unfasten,,,,Godan verb with 'ku' ending | transitive verb,to untie | to unfasten | to unwrap | to undo | to unbind,scene_image,72,person_action_scene,action_state,person unfastenning,解く,action_state,verb can be shown as an action scene,Tanos JLPT vocabulary,,
n1_02982,N1,記す,しるす,,to note;to write down,,,,Godan verb with 'su' ending | transitive verb,to write down | to note down | to jot down | to take a note of | to mention,scene_image,72,person_action_scene,action_state,person noting,記す,action_state,verb can be shown as an action scene,Tanos JLPT vocabulary,,
n1_02986,N1,訪れる,おとずれる,,to visit,,,,Ichidan verb | transitive verb | intransitive verb,"to visit | to call on | to arrive (of a season, situation, etc.) | to come | to appear",scene_image,72,person_action_scene,action_state,person visitting,訪れる,action_state,verb can be shown as an action scene,Tanos JLPT vocabulary,,
n1_03009,N1,誂える,あつらえる,,to give an order;to place an order,,,,Ichidan verb | transitive verb,to give an order | to place an order | to have made to order,scene_image,72,person_action_scene,action_state,person giving an order,誂える,action_state,verb can be shown as an action scene,Tanos JLPT vocabulary,,
n1_03012,N1,認める,したためる,,to write up,,,,Ichidan verb | transitive verb,"to write (e.g. a letter) | to draw up (a document) | to take down (e.g. notes) | to have (lunch, dinner, etc.) | to eat",scene_image,72,person_action_scene,action_state,person writing up,認める,action_state,verb can be shown as an action scene,Tanos JLPT vocabulary,,
n1_03021,N1,誤る,あやまる,,to make a mistake,,,,Godan verb with 'ru' ending | transitive verb | intransitive verb,to make a mistake (in) | to commit an error | to do incorrectly | to err | to be wrong,scene_image,72,person_action_scene,action_state,person making a mistake,誤る,action_state,verb can be shown as an action scene,Tanos JLPT vocabulary,,
n1_03026,N1,読み上げる,よみあげる,,to read out loud (and clearly);to call a roll,,,,Ichidan verb | transitive verb,to read out | to read aloud | to call out | to finish reading | to read through,scene_image,72,person_action_scene,action_state,person reading out loud,読み上げる,action_state,verb can be shown as an action scene,Tanos JLPT vocabulary,,
n1_03071,N1,貫く,つらぬく,,to go through,,,,Godan verb with 'ku' ending | transitive verb,to go through | to pierce | to penetrate | to run through (e.g. a river through a city) | to pass through,scene_image,72,person_action_scene,action_state,person going through,貫く,action_state,verb can be shown as an action scene,Tanos JLPT vocabulary,,
n1_03078,N1,貶す,けなす,,to speak ill of,,,,Godan verb with 'su' ending | transitive verb,to speak ill of | to disparage,scene_image,72,person_action_scene,action_state,person speaking ill of,貶す,action_state,verb can be shown as an action scene,Tanos JLPT vocabulary,,
n1_03082,N1,賄う,まかなう,,to give board to;to provide meals;to pay,,,,Godan verb with 'u' ending | transitive verb,"to supply (goods, money, etc.) | to cover (costs) | to pay | to finance | to maintain (e.g. a family)",scene_image,72,person_action_scene,action_state,person giving board to,賄う,action_state,verb can be shown as an action scene,Tanos JLPT vocabulary,,
n1_03104,N1,赴く,おもむく,,to go;to proceed;to repair to;to become,,,,Godan verb with 'ku' ending | intransitive verb,to go in the direction of | to proceed toward | to proceed according to | to repair to | to betake oneself to,scene_image,72,person_action_scene,action_state,person going,赴く,action_state,verb can be shown as an action scene,Tanos JLPT vocabulary,,
n1_03117,N1,跨がる,またがる,,to extend over or into;to straddle,,,,Godan verb with 'ru' ending | intransitive verb,"to mount (a horse, bicycle, etc.) | to straddle | to sit astride | to span (an area, time, etc.) | to extend over",scene_image,72,person_action_scene,action_state,person extending over or into,跨がる,action_state,verb can be shown as an action scene,Tanos JLPT vocabulary,,
n1_03118,N1,跨ぐ,またぐ,,to straddle,,,,Godan verb with 'gu' ending | transitive verb,to step over | to step across | to stride over | to stride across | to cross,scene_image,72,person_action_scene,action_state,person straddling,跨ぐ,action_state,verb can be shown as an action scene,Tanos JLPT vocabulary,,
n1_03123,N1,躓く,つまずく,,to stumble;to trip,,,,Godan verb with 'ku' ending | intransitive verb,to trip (over) | to stumble | to fail | to suffer a setback,scene_image,72,person_action_scene,action_state,person stumbling,躓く,action_state,verb can be shown as an action scene,Tanos JLPT vocabulary,,
n1_03138,N1,転じる,てんじる,,to turn;to shift;to alter;to distract,,,,Ichidan verb | transitive verb | intransitive verb,to turn | to shift | to switch | to change | to alter,scene_image,72,person_action_scene,action_state,person turning,転じる,action_state,verb can be shown as an action scene,Tanos JLPT vocabulary,,
n1_03163,N1,込める,こめる,,to include;to put into,,,,Ichidan verb | transitive verb | intransitive verb,"to load (a gun, etc.) | to charge | to put into (e.g. emotion, effort) | to include (e.g. tax in a sales price) | to hang over",scene_image,72,person_action_scene,action_state,person including,込める,action_state,verb can be shown as an action scene,Tanos JLPT vocabulary,,
n1_03178,N1,追い出す,おいだす,,to expel;to drive out,,,,Godan verb with 'su' ending | transitive verb,to expel | to drive out,scene_image,72,person_action_scene,action_state,person expelling,追い出す,action_state,verb can be shown as an action scene,Tanos JLPT vocabulary,,
n1_03179,N1,追い込む,おいこむ,,to herd;to corner;to drive,,,,Godan verb with 'mu' ending | transitive verb,to herd | to drive | to chase | to corral | to corner,scene_image,72,person_action_scene,action_state,person herding,追い込む,action_state,verb can be shown as an action scene,Tanos JLPT vocabulary,,
n1_03184,N1,退ける,しりぞける,,to repel;to drive away,,,,Ichidan verb | transitive verb,to refuse | to reject | to turn down | to dismiss | to repel,scene_image,72,person_action_scene,action_state,person repelling,退ける,action_state,verb can be shown as an action scene,Tanos JLPT vocabulary,,
n1_03190,N1,逃げ出す,にげだす,,to run away;to escape from,,,,Godan verb with 'su' ending | intransitive verb,to run away | to flee | to make off | to take to one's heels | to escape,scene_image,72,person_action_scene,action_state,person running away,逃げ出す,action_state,verb can be shown as an action scene,Tanos JLPT vocabulary,,
n1_03195,N1,逆上る,さかのぼる,,to go back;to go upstream;to make retroactive,,,,Godan verb with 'ru' ending | intransitive verb,to go upstream | to go up (a river) | to go back (to the past or origin) | to date back (to) | to trace back (to),scene_image,72,person_action_scene,action_state,person going back,逆上る,action_state,verb can be shown as an action scene,Tanos JLPT vocabulary,,
n1_03202,N1,通りかかる,とおりかかる,,to happen to pass by,,,,Godan verb with 'ru' ending | transitive verb | intransitive verb,to happen to pass by,scene_image,72,person_action_scene,action_state,person happenning to pass by,通りかかる,action_state,verb can be shown as an action scene,Tanos JLPT vocabulary,,
n1_03206,N1,造る,つくる,,to make;to create;to manufacture;to draw up;to write;to compose;to build;to coin;to cultivate;to org,,,,Godan verb with 'ru' ending | transitive verb,to make | to produce | to manufacture | to build | to construct,scene_image,72,person_action_scene,action_state,person making,造る,action_state,verb can be shown as an action scene,Tanos JLPT vocabulary,,
n1_03207,N1,連なる,つらなる,,to extend;to stretch out;to stand in a row,,,,Godan verb with 'ru' ending | intransitive verb,to extend | to stretch out | to stand in a row | to attend | to participate in,scene_image,72,person_action_scene,action_state,person extending,連なる,action_state,verb can be shown as an action scene,Tanos JLPT vocabulary,,
n1_03208,N1,連ねる,つらねる,,to link;to join;to put together,,,,Ichidan verb | transitive verb,"to line up | to put in a row | to add (to a group) | to accept (as a member of an organization, etc.) | to join (e.g. a list)",scene_image,72,person_action_scene,action_state,person linking,連ねる,action_state,verb can be shown as an action scene,Tanos JLPT vocabulary,,
n1_03223,N1,逸らす,そらす,,to turn away;to avert,,,,Godan verb with 'su' ending | transitive verb,"to turn away (one's eyes, face, etc.) | to avert | to divert (e.g. one's attention) | to evade (e.g. a question) | to change (e.g. the subject)",scene_image,72,person_action_scene,action_state,person turning away,逸らす,action_state,verb can be shown as an action scene,Tanos JLPT vocabulary,,
n1_03224,N1,遂げる,とげる,,to accomplish;to achieve;to carry out,,,,Ichidan verb | transitive verb,to accomplish | to achieve | to carry out | to arrive at (a certain outcome) | to come to,scene_image,72,person_action_scene,action_state,person accomplishing,遂げる,action_state,verb can be shown as an action scene,Tanos JLPT vocabulary,,
n1_03246,N1,遠ざかる,とおざかる,,to go far off,,,,Godan verb with 'ru' ending | intransitive verb,to go away | to become more distant | to fade away | to die away | to be estranged,scene_image,72,person_action_scene,action_state,person going far off,遠ざかる,action_state,verb can be shown as an action scene,Tanos JLPT vocabulary,,
n1_03250,N1,遣り通す,やりとおす,,to carry through;to achieve;to complete,,,,Godan verb with 'su' ending,to carry through | to achieve | to complete,scene_image,72,person_action_scene,action_state,person carrying through,遣り通す,action_state,verb can be shown as an action scene,Tanos JLPT vocabulary,,
n1_03251,N1,遣る,やる,,to do;to have sexual intercourse;to kill;to give (to inferiors animals etc.);to dispatch (a letter,,,,Godan verb with 'ru' ending | transitive verb,to do | to undertake | to perform | to play (a game) | to study,scene_image,72,person_action_scene,action_state,person doing,遣る,action_state,verb can be shown as an action scene,Tanos JLPT vocabulary,,
n1_03328,N1,間違う,まちがう,,to make a mistake;to be incorrect;to be mistaken,,,,Godan verb with 'u' ending | intransitive verb | transitive verb,to be mistaken | to be incorrect | to be wrong | to make a mistake (in) | to do incorrectly,scene_image,72,person_action_scene,action_state,person making a mistake,間違う,action_state,verb can be shown as an action scene,Tanos JLPT vocabulary,,
n1_03354,N1,集まる,あつまる,,to gather;to collect;to assemble,,,,Godan verb with 'ru' ending | intransitive verb,to gather | to collect | to assemble,scene_image,72,person_action_scene,action_state,person gatherring,集まる,action_state,verb can be shown as an action scene,Tanos JLPT vocabulary,,
n1_03369,N1,零す,こぼす,,to spill,,,,Godan verb with 'su' ending | transitive verb,to spill | to drop | to shed (tears) | to grumble (about) | to complain (of),scene_image,72,person_action_scene,action_state,person spilling,零す,action_state,verb can be shown as an action scene,Tanos JLPT vocabulary,,
n1_03370,N1,零れる,こぼれる,,to overflow;to spill,,,,Ichidan verb | intransitive verb,to spill | to fall out of | to overflow | to peek through | to become visible (although normally not),scene_image,72,person_action_scene,action_state,person overflowwing,零れる,action_state,verb can be shown as an action scene,Tanos JLPT vocabulary,,
n1_03414,N1,顧みる,かえりみる,,to look back;to turn around;to review,,,,Ichidan verb | transitive verb,to look back on (the past) | to reflect on | to reminisce about | to look behind (at) | to turn round (and look),scene_image,72,person_action_scene,action_state,person looking back,顧みる,action_state,verb can be shown as an action scene,Tanos JLPT vocabulary,,
n1_03419,N1,食い違う,くいちがう,,to cross each other;to run counter to;to differ;to clash;to go awry,,,,Godan verb with 'u' ending | intransitive verb,to not match well (e.g. at the seams) | to not mesh properly (of gears) | to differ (e.g. of opinions) | to clash | to be in conflict (e.g. with the facts),scene_image,72,person_action_scene,action_state,person crossing each other,食い違う,action_state,verb can be shown as an action scene,Tanos JLPT vocabulary,,
n1_03420,N1,飲み込む,のみこむ,,to gulp down;to swallow deeply;to understand;to take in;to catch on to;to learn;to digest,,,,Godan verb with 'mu' ending | transitive verb,to swallow | to gulp down | to understand | to grasp | to take in,scene_image,72,person_action_scene,action_state,person gulping down,飲み込む,action_state,verb can be shown as an action scene,Tanos JLPT vocabulary,,
n1_03438,N1,駆ける,かける,,to run (race esp. horse);to gallop;to canter,,,,Ichidan verb | intransitive verb,to run | to dash | to race | to gallop (on horseback) | to canter,scene_image,72,person_action_scene,action_state,person running,駆ける,action_state,verb can be shown as an action scene,Tanos JLPT vocabulary,,
n1_03441,N1,騙す,だます,,to trick;to cheat;to deceive,,,,Godan verb with 'su' ending | transitive verb,to trick | to cheat | to deceive | to swindle | to dupe,scene_image,72,person_action_scene,action_state,person tricking,騙す,action_state,verb can be shown as an action scene,Tanos JLPT vocabulary,,
n1_03463,N1,齎らす,もたらす,,to bring;to take;to bring about,,,,Godan verb with 'su' ending | transitive verb,"to bring (news, knowledge, etc.) | to introduce | to bring about | to cause | to produce (e.g. results)",scene_image,72,person_action_scene,action_state,person bringing,齎らす,action_state,verb can be shown as an action scene,Tanos JLPT vocabulary,,
