id,jlpt_level,word,reading,image_review,meaning,meaning_zh,meaning_zh_needs_review,meaning_zh_note,jmdict_pos,jmdict_glosses,image_status,image_score,image_type,visual_domain,image_query_en,image_query_ja,distractor_pool,classification_reason,source
n2_03984,N2,刺身,さしみ,,sliced raw fish,,,,noun (common) (futsuumeishi),"sashimi (raw sliced fish, shellfish or crustaceans)",direct_image,84,single_object_or_place,animal,sliced raw fish,刺身,animal,concrete noun domain: animal,Tanos JLPT vocabulary
n2_04868,N2,競馬,けいば,,horse racing,,,,noun (common) (futsuumeishi),horse racing,direct_image,84,single_object_or_place,animal,horse racing,競馬,animal,concrete noun domain: animal,Tanos JLPT vocabulary
n2_04991,N2,薬品,やくひん,,"medicine(s),chemical(s)",,,,noun (common) (futsuumeishi),medicine | drug | chemical (agent) | chemicals,direct_image,84,single_object_or_place,body_health,medicine,薬品,body_health,concrete noun domain: body_health,Tanos JLPT vocabulary
n2_05275,N2,麓,ふもと,,"the foot,the bottom,the base (of a mountain)",,,,noun (common) (futsuumeishi),foot (of a mountain or hill) | bottom | base,direct_image,84,single_object_or_place,body_health,foot,麓,body_health,concrete noun domain: body_health,Tanos JLPT vocabulary
n2_04087,N2,和服,わふく,,Japanese clothes,,,,noun (common) (futsuumeishi),Japanese clothes,direct_image,84,single_object_or_place,clothing,Japanese clothes,和服,clothing,concrete noun domain: clothing,Tanos JLPT vocabulary
n2_04821,N2,着替え,きがえ,,"changing clothes,change of clothes",,,,noun (common) (futsuumeishi) | noun or participle which takes the aux. verb suru | intransitive verb,changing clothes | change of clothes,direct_image,84,single_object_or_place,clothing,changing clothes,着替え,clothing,concrete noun domain: clothing,Tanos JLPT vocabulary
n2_03510,N2,おやつ,おやつ,,"(1) between meal snack,afternoon refreshment",,,,noun (common) (futsuumeishi),between-meal snack | mid-afternoon (around 3 o'clock) snack | afternoon refreshment | afternoon tea,direct_image,84,single_object_or_place,food_drink,between meal snack,おやつ,food_drink,concrete noun domain: food_drink,Tanos JLPT vocabulary
n2_03828,N2,井戸,いど,,water well,,,,noun (common) (futsuumeishi),water well,direct_image,84,single_object_or_place,food_drink,water well,井戸,food_drink,concrete noun domain: food_drink,Tanos JLPT vocabulary
n2_04099,N2,噴水,ふんすい,,water fountain,,,,noun (common) (futsuumeishi),water fountain,direct_image,84,single_object_or_place,food_drink,water fountain,噴水,food_drink,concrete noun domain: food_drink,Tanos JLPT vocabulary
n2_04126,N2,地下水,ちかすい,,underground water,,,,noun (common) (futsuumeishi),groundwater | underground water,direct_image,84,single_object_or_place,food_drink,underground water,地下水,food_drink,concrete noun domain: food_drink,Tanos JLPT vocabulary
n2_04335,N2,御手洗,おてあらい,,font of purifying water placed at entrance of shrine,,,,noun (common) (futsuumeishi),toilet | restroom | lavatory | bathroom,direct_image,84,single_object_or_place,food_drink,font of purifying water placed at entrance of shrine,御手洗,food_drink,concrete noun domain: food_drink,Tanos JLPT vocabulary
n2_04541,N2,果実,かじつ,,"fruit,nut,berry.",水果,FALSE,from existing zh_meanings.py,noun (common) (futsuumeishi),fruit | nut | berry | fruits | profit,direct_image,84,single_object_or_place,food_drink,fruit,果実,food_drink,concrete noun domain: food_drink,Tanos JLPT vocabulary
n2_04597,N2,水滴,すいてき,,drop of water,,,,noun (common) (futsuumeishi),drop of water | vessel for replenishing inkstone water,direct_image,84,single_object_or_place,food_drink,drop of water,水滴,food_drink,concrete noun domain: food_drink,Tanos JLPT vocabulary
n2_04601,N2,水蒸気,すいじょうき,,"water vapour,steam",,,,noun (common) (futsuumeishi),water vapour | water vapor | steam,direct_image,84,single_object_or_place,food_drink,water vapour,水蒸気,food_drink,concrete noun domain: food_drink,Tanos JLPT vocabulary
n2_04766,N2,田植え,たうえ,,rice planting,,,,noun (common) (futsuumeishi),rice planting,direct_image,84,single_object_or_place,food_drink,rice planting,田植え,food_drink,concrete noun domain: food_drink,Tanos JLPT vocabulary
n2_04972,N2,茶碗,ちゃわん,,"rice bowl,tea cup,teacup",饭碗,FALSE,from existing zh_meanings.py,noun (common) (futsuumeishi),rice bowl | tea cup | teacup,direct_image,84,single_object_or_place,food_drink,rice bowl,茶碗,food_drink,concrete noun domain: food_drink,Tanos JLPT vocabulary
n2_05261,N2,餅,もち,,sticky rice cake,,,,noun (common) (futsuumeishi),mochi | small rice cake made from glutinous rice,direct_image,84,single_object_or_place,food_drink,sticky rice cake,餅,food_drink,concrete noun domain: food_drink,Tanos JLPT vocabulary
n2_03782,N2,三日月,みかづき,,"new moon,crescent moon",,,,noun (common) (futsuumeishi),crescent moon | young moon,direct_image,84,single_object_or_place,nature_weather,new moon,三日月,nature_weather,concrete noun domain: nature_weather,Tanos JLPT vocabulary
n2_03804,N2,並木,なみき,,"roadside tree,row of trees",,,,noun (common) (futsuumeishi),roadside trees | row of trees,direct_image,84,single_object_or_place,nature_weather,roadside tree,並木,nature_weather,concrete noun domain: nature_weather,Tanos JLPT vocabulary
n2_04080,N2,吹雪,ふぶき,,snow storm,,,,noun (common) (futsuumeishi),snow storm | blizzard,direct_image,84,single_object_or_place,nature_weather,snow storm,吹雪,nature_weather,concrete noun domain: nature_weather,Tanos JLPT vocabulary
n2_04164,N2,夕日,ゆうひ,,"(in) the evening sun,setting sun",,,,noun (common) (futsuumeishi),evening sun | setting sun,direct_image,84,single_object_or_place,nature_weather,evening sun,夕日,nature_weather,concrete noun domain: nature_weather,Tanos JLPT vocabulary
n2_04178,N2,大木,たいぼく,,large tree,,,,noun (common) (futsuumeishi),large tree,direct_image,84,single_object_or_place,nature_weather,large tree,大木,nature_weather,concrete noun domain: nature_weather,Tanos JLPT vocabulary
n2_04259,N2,山林,さんりん,,"mountain forest,mountains and forest",,,,noun (common) (futsuumeishi),mountain forest | forest on a mountain | forest land | woodland | mountains and forests,direct_image,84,single_object_or_place,nature_weather,mountain forest,山林,nature_weather,concrete noun domain: nature_weather,Tanos JLPT vocabulary
n2_04491,N2,日当たり,ひあたり,,"exposure to the sun,sunny place",,,,noun (common) (futsuumeishi),exposure to the sun | sunny place | per day,direct_image,84,single_object_or_place,nature_weather,exposure to the sun,日当たり,nature_weather,concrete noun domain: nature_weather,Tanos JLPT vocabulary
n2_04626,N2,海水浴,かいすいよく,,"sea bathing,seawater bath",,,,noun (common) (futsuumeishi),swimming in the ocean | sea bathing | seawater bath | going for a dip in the ocean,direct_image,84,single_object_or_place,nature_weather,sea bathing,海水浴,nature_weather,concrete noun domain: nature_weather,Tanos JLPT vocabulary
n2_04627,N2,海洋,かいよう,,ocean,,,,noun (common) (futsuumeishi),ocean | sea,direct_image,84,single_object_or_place,nature_weather,ocean,海洋,nature_weather,concrete noun domain: nature_weather,Tanos JLPT vocabulary
n2_04755,N2,生け花,いけばな,,(1) flower arrangement,,,,noun (common) (futsuumeishi),ikebana | Japanese art of flower arrangement | fresh flower | natural flower,direct_image,84,single_object_or_place,nature_weather,flower arrangement,生け花,nature_weather,concrete noun domain: nature_weather,Tanos JLPT vocabulary
n2_03747,N2,ミシン,ミシン,,sewing machine,,,,noun (common) (futsuumeishi),sewing machine,direct_image,84,single_object_or_place,object_tool,sewing machine,ミシン,object_tool,concrete noun domain: object_tool,Tanos JLPT vocabulary
n2_03887,N2,便箋,びんせん,,"writing paper,stationery",,,,noun (common) (futsuumeishi),writing paper | stationery | notepaper,direct_image,84,single_object_or_place,object_tool,writing paper,便箋,object_tool,concrete noun domain: object_tool,Tanos JLPT vocabulary
n2_03937,N2,内線,ないせん,,"phone extension,indoor wiring,inner line",,,,noun (common) (futsuumeishi),phone extension | indoor wiring | inner line,direct_image,84,single_object_or_place,object_tool,phone extension,内線,object_tool,concrete noun domain: object_tool,Tanos JLPT vocabulary
n2_04018,N2,匙,さじ,,spoon,勺子,FALSE,from existing zh_meanings.py,noun (common) (futsuumeishi),spoon,direct_image,84,single_object_or_place,object_tool,spoon,匙,object_tool,concrete noun domain: object_tool,Tanos JLPT vocabulary
n2_04057,N2,古典,こてん,,"old book,classics,classic",,,,noun (common) (futsuumeishi),"classic (work, esp. book) | the classics",direct_image,84,single_object_or_place,object_tool,old book,古典,object_tool,concrete noun domain: object_tool,Tanos JLPT vocabulary
n2_04109,N2,回数券,かいすうけん,,book of tickets,,,,noun (common) (futsuumeishi),coupon tickets | discount tickets | book of tickets,direct_image,84,single_object_or_place,object_tool,book of tickets,回数券,object_tool,concrete noun domain: object_tool,Tanos JLPT vocabulary
n2_04116,N2,図鑑,ずかん,,picture book,,,,noun (common) (futsuumeishi),pictorial book | picture book | illustrated reference book | identification manual | field guide,direct_image,84,single_object_or_place,object_tool,picture book,図鑑,object_tool,concrete noun domain: object_tool,Tanos JLPT vocabulary
n2_04150,N2,塵紙,ちりがみ,,"tissue paper,toilet paper",,,,noun (common) (futsuumeishi),tissue paper | toilet paper,direct_image,84,single_object_or_place,object_tool,tissue paper,塵紙,object_tool,concrete noun domain: object_tool,Tanos JLPT vocabulary
n2_04163,N2,夕刊,ゆうかん,,evening paper,,,,noun (common) (futsuumeishi),evening edition (of a daily newspaper) | evening paper,direct_image,84,single_object_or_place,object_tool,evening paper,夕刊,object_tool,concrete noun domain: object_tool,Tanos JLPT vocabulary
n2_04403,N2,投書,とうしょ,,"letter to the editor,letter from a reader,contribution",,,,noun (common) (futsuumeishi) | noun or participle which takes the aux. verb suru,"letter (e.g. of complaint) | letter to the editor | letter from a reader | contribution (to a newspaper, magazine, etc.)",direct_image,84,single_object_or_place,object_tool,letter to the editor,投書,object_tool,concrete noun domain: object_tool,Tanos JLPT vocabulary
n2_04517,N2,書籍,しょせき,,"book,publication",书,FALSE,from existing zh_meanings.py,noun (common) (futsuumeishi),book | publication,direct_image,84,single_object_or_place,object_tool,book,書籍,object_tool,concrete noun domain: object_tool,Tanos JLPT vocabulary
n2_04702,N2,為替,かわせ,,"money order,exchange",,,,noun (common) (futsuumeishi),money order | draft | exchange (e.g. foreign),direct_image,84,single_object_or_place,object_tool,money order,為替,object_tool,concrete noun domain: object_tool,Tanos JLPT vocabulary
n2_04865,N2,窓口,まどぐち,,ticket window,,,,noun (common) (futsuumeishi),counter | window | teller window | ticket window | contact person,direct_image,84,single_object_or_place,object_tool,ticket window,窓口,object_tool,concrete noun domain: object_tool,Tanos JLPT vocabulary
n2_04887,N2,紙幣,しへい,,"paper money,notes,bills",,,,noun (common) (futsuumeishi),paper money | note | bill,direct_image,84,single_object_or_place,object_tool,paper money,紙幣,object_tool,concrete noun domain: object_tool,Tanos JLPT vocabulary
n2_05219,N2,障子,しょうじ,,paper sliding door,,,,noun (common) (futsuumeishi),shoji (paper sliding door),direct_image,84,single_object_or_place,object_tool,paper sliding door,障子,object_tool,concrete noun domain: object_tool,Tanos JLPT vocabulary
n2_05228,N2,電柱,でんちゅう,,"telephone pole,telegraph pole,lightpole",,,,noun (common) (futsuumeishi),utility pole | power pole | telephone pole | telegraph pole,direct_image,84,single_object_or_place,object_tool,telephone pole,電柱,object_tool,concrete noun domain: object_tool,Tanos JLPT vocabulary
n2_05256,N2,食塩,しょくえん,,table salt,,,,noun (common) (futsuumeishi),table salt,direct_image,84,single_object_or_place,object_tool,table salt,食塩,object_tool,concrete noun domain: object_tool,Tanos JLPT vocabulary
n2_03494,N2,おくさん,おくさん,,"(hon) wife,your wife,madam",,,,noun (common) (futsuumeishi),wife | your wife | his wife | married lady | madam,direct_image,84,single_object_or_place,person_family,wife,おくさん,person_family,concrete noun domain: person_family,Tanos JLPT vocabulary
n2_03650,N2,ウーマン,ウーマン,,woman,,,,noun (common) (futsuumeishi),woman,direct_image,84,single_object_or_place,person_family,woman,ウーマン,person_family,concrete noun domain: person_family,Tanos JLPT vocabulary
n2_03677,N2,サラリーマン,サラリーマン / サラーリーマン / サラリマン,,"salary man,company employee",,,,noun (common) (futsuumeishi),office worker | company employee | company man | salaryman,direct_image,84,single_object_or_place,person_family,salary man,サラリーマン,person_family,concrete noun domain: person_family,Tanos JLPT vocabulary
n2_04135,N2,坊や,ぼうや,,boy,男孩,FALSE,from existing zh_meanings.py,noun (common) (futsuumeishi),boy | son | child | mere boy | stripling,direct_image,84,single_object_or_place,person_family,boy,坊や,person_family,concrete noun domain: person_family,Tanos JLPT vocabulary
n2_04182,N2,夫妻,ふさい,,"man and wife,married couple",,,,noun (common) (futsuumeishi),husband and wife | married couple,direct_image,84,single_object_or_place,person_family,man and wife,夫妻,person_family,concrete noun domain: person_family,Tanos JLPT vocabulary
n2_04184,N2,女の人,おんなのひと,,woman,,,,"expressions (phrases, clauses, etc.) | noun (common) (futsuumeishi)",woman,direct_image,84,single_object_or_place,person_family,woman,女の人,person_family,concrete noun domain: person_family,Tanos JLPT vocabulary
n2_04185,N2,女房,にょうぼう,,wife,,,,noun (common) (futsuumeishi),wife (esp. one's own wife) | court lady | female court attache | woman who served at the imperial palace | woman (esp. as a love interest),direct_image,84,single_object_or_place,person_family,wife,女房,person_family,concrete noun domain: person_family,Tanos JLPT vocabulary
n2_04248,N2,小学生,しょうがくせい,,grade school student,,,,noun (common) (futsuumeishi),elementary school student | primary school student | grade school student,direct_image,84,single_object_or_place,person_family,grade school student,小学生,person_family,concrete noun domain: person_family,Tanos JLPT vocabulary
n2_04530,N2,末っ子,すえっこ,,youngest child,,,,noun (common) (futsuumeishi),youngest child,direct_image,84,single_object_or_place,person_family,youngest child,末っ子,person_family,concrete noun domain: person_family,Tanos JLPT vocabulary
n2_04723,N2,父母,ふぼ,,"father and mother,parents",,,,noun (common) (futsuumeishi),father and mother | parents,direct_image,84,single_object_or_place,person_family,father and mother,父母,person_family,concrete noun domain: person_family,Tanos JLPT vocabulary
n2_04826,N2,知人,ちじん,,"friend,acquaintance",朋友,FALSE,from existing zh_meanings.py,noun (common) (futsuumeishi),friend | acquaintance,direct_image,84,single_object_or_place,person_family,friend,知人,person_family,concrete noun domain: person_family,Tanos JLPT vocabulary
n2_03681,N2,ショップ,ショップ,,a shop,,,,noun (common) (futsuumeishi),shop,direct_image,84,single_object_or_place,place_building,shop,ショップ,place_building,concrete noun domain: place_building,Tanos JLPT vocabulary
n2_03687,N2,スクール,スクール,,school,学校,FALSE,from existing zh_meanings.py,noun (common) (futsuumeishi),school,direct_image,84,single_object_or_place,place_building,school,スクール,place_building,concrete noun domain: place_building,Tanos JLPT vocabulary
n2_03724,N2,ビルディング,ビルディング / ビルヂング,,building,建筑物,FALSE,from existing zh_meanings.py,noun (common) (futsuumeishi),multi-floor building | multi-storey building | tall building,direct_image,84,single_object_or_place,place_building,building,ビルディング,place_building,concrete noun domain: place_building,Tanos JLPT vocabulary
n2_03978,N2,別荘,べっそう,,"holiday house,villa",,,,noun (common) (futsuumeishi),holiday house | vacation home | villa | prison | jail,direct_image,84,single_object_or_place,place_building,holiday house,別荘,place_building,concrete noun domain: place_building,Tanos JLPT vocabulary
n2_04074,N2,名所,めいしょ,,famous place,,,,noun (common) (futsuumeishi),famous place | noted place | place of (scenic or historical) interest | sights (to see),direct_image,84,single_object_or_place,place_building,famous place,名所,place_building,concrete noun domain: place_building,Tanos JLPT vocabulary
n2_04091,N2,商店,しょうてん,,"shop,business firm",商店,FALSE,from existing zh_meanings.py,noun (common) (futsuumeishi),shop | store | firm,direct_image,84,single_object_or_place,place_building,shop,商店,place_building,concrete noun domain: place_building,Tanos JLPT vocabulary
n2_04160,N2,売店,ばいてん,,"shop,stand",商店,FALSE,from existing zh_meanings.py,noun (common) (futsuumeishi),stand | stall | booth | kiosk | store,direct_image,84,single_object_or_place,place_building,shop,売店,place_building,concrete noun domain: place_building,Tanos JLPT vocabulary
n2_04174,N2,大学院,だいがくいん,,graduate school,,,,noun (common) (futsuumeishi),graduate school,direct_image,84,single_object_or_place,place_building,graduate school,大学院,place_building,concrete noun domain: place_building,Tanos JLPT vocabulary
n2_04179,N2,大通り,おおどおり,,main street,,,,noun (common) (futsuumeishi),main street | avenue | boulevard,direct_image,84,single_object_or_place,place_building,main street,大通り,place_building,concrete noun domain: place_building,Tanos JLPT vocabulary
n2_04210,N2,官庁,かんちょう,,"government office,authorities",,,,noun (common) (futsuumeishi),government office | government agency | authorities,direct_image,84,single_object_or_place,place_building,government office,官庁,place_building,concrete noun domain: place_building,Tanos JLPT vocabulary
n2_04230,N2,家屋,かおく,,"house,building",家、房子、建筑物,FALSE,from existing zh_meanings.py,noun (common) (futsuumeishi),house | building,direct_image,84,single_object_or_place,place_building,house,家屋,place_building,concrete noun domain: place_building,Tanos JLPT vocabulary
n2_04267,N2,工員,こういん,,factory worker,,,,noun (common) (futsuumeishi),factory worker,direct_image,84,single_object_or_place,place_building,factory worker,工員,place_building,concrete noun domain: place_building,Tanos JLPT vocabulary
n2_04292,N2,庖丁,ほうちょう,,"kitchen knife,carving knife",,,,noun (common) (futsuumeishi),kitchen knife | cooking | food,direct_image,84,single_object_or_place,place_building,kitchen knife,庖丁,place_building,concrete noun domain: place_building,Tanos JLPT vocabulary
n2_04293,N2,店屋,みせや,,"store,shop",商店,FALSE,from existing zh_meanings.py,noun (common) (futsuumeishi),store | shop,direct_image,84,single_object_or_place,place_building,store,店屋,place_building,concrete noun domain: place_building,Tanos JLPT vocabulary
n2_04295,N2,座敷,ざしき,,tatami room,,,,noun (common) (futsuumeishi),tatami room | tatami mat room | formal Japanese room | dinner party in a tatami room (esp. when a geisha or maiko attends),direct_image,84,single_object_or_place,place_building,tatami room,座敷,place_building,concrete noun domain: place_building,Tanos JLPT vocabulary
n2_04325,N2,役所,やくしょ,,"government office,public office",,,,noun (common) (futsuumeishi),government office | public office,direct_image,84,single_object_or_place,place_building,government office,役所,place_building,concrete noun domain: place_building,Tanos JLPT vocabulary
n2_04330,N2,待合室,まちあいしつ,,waiting room,,,,noun (common) (futsuumeishi),waiting room,direct_image,84,single_object_or_place,place_building,waiting room,待合室,place_building,concrete noun domain: place_building,Tanos JLPT vocabulary
n2_04546,N2,校舎,こうしゃ,,school building,,,,noun (common) (futsuumeishi),school building | schoolhouse,direct_image,84,single_object_or_place,place_building,school building,校舎,place_building,concrete noun domain: place_building,Tanos JLPT vocabulary
n2_04612,N2,洋品店,ようひんてん,,shop which handles Western-style apparel and accessories,,,,noun (common) (futsuumeishi),shop that handles Western-style apparel and accessories,direct_image,84,single_object_or_place,place_building,shop which handles Western-style apparel and accessories,洋品店,place_building,concrete noun domain: place_building,Tanos JLPT vocabulary
n2_04633,N2,消防署,しょうぼうしょ,,fire station,,,,noun (common) (futsuumeishi),fire station,direct_image,84,single_object_or_place,place_building,fire station,消防署,place_building,concrete noun domain: place_building,Tanos JLPT vocabulary
n2_04732,N2,物置,ものおき,,storage room,,,,noun (common) (futsuumeishi),storage room | storeroom | lumber room,direct_image,84,single_object_or_place,place_building,storage room,物置,place_building,concrete noun domain: place_building,Tanos JLPT vocabulary
n2_04810,N2,県庁,けんちょう,,prefectural office,,,,noun (common) (futsuumeishi),prefectural office,direct_image,84,single_object_or_place,place_building,prefectural office,県庁,place_building,concrete noun domain: place_building,Tanos JLPT vocabulary
n2_04855,N2,税関,ぜいかん,,customs house,,,,noun (common) (futsuumeishi),customs | customs house,direct_image,84,single_object_or_place,place_building,customs house,税関,place_building,concrete noun domain: place_building,Tanos JLPT vocabulary
n2_05005,N2,街角,まちかど,,street corner,,,,noun (common) (futsuumeishi),street corner,direct_image,84,single_object_or_place,place_building,street corner,街角,place_building,concrete noun domain: place_building,Tanos JLPT vocabulary
n2_05076,N2,貸家,かしや,,house for rent,,,,noun (common) (futsuumeishi),house for rent,direct_image,84,single_object_or_place,place_building,house for rent,貸家,place_building,concrete noun domain: place_building,Tanos JLPT vocabulary
n2_05077,N2,貸間,かしま,,room to let,,,,noun (common) (futsuumeishi),room to let | room for rent,direct_image,84,single_object_or_place,place_building,room to let,貸間,place_building,concrete noun domain: place_building,Tanos JLPT vocabulary
n2_05143,N2,遊園地,ゆうえんち,,amusement park,,,,noun (common) (futsuumeishi),amusement park,direct_image,84,single_object_or_place,place_building,amusement park,遊園地,place_building,concrete noun domain: place_building,Tanos JLPT vocabulary
n2_04482,N2,新幹線,しんかんせん,,"bullet train (very high speed),shinkansen",,,,noun (common) (futsuumeishi),Shinkansen | bullet train,direct_image,84,single_object_or_place,transport,bullet train,新幹線,transport,concrete noun domain: transport,Tanos JLPT vocabulary
n2_03617,N2,ぺん,,,pen,笔,FALSE,from existing zh_meanings.py,,,direct_image,75,single_object_or_place,object_tool,pen,ぺん,object_tool,meaning suggests concrete domain: object_tool,Tanos JLPT vocabulary
n2_03476,N2,あふれる,あふれる,,"to flood,to overflow,to brim over",,,,Ichidan verb | intransitive verb,to overflow | to brim over | to flood,scene_image,72,person_action_scene,action_state,person flooding,あふれる,action_state,verb can be shown as an action scene,Tanos JLPT vocabulary
n2_03477,N2,あぶる,あぶる,,to scorch,,,,Godan verb with 'ru' ending | transitive verb,to warm (e.g. one's hands over a fire) | to dry | to toast | to grill | to broil,scene_image,72,person_action_scene,action_state,person scorching,あぶる,action_state,verb can be shown as an action scene,Tanos JLPT vocabulary
n2_03502,N2,おどかす,おどかす,,"to threaten,to coerce",,,,Godan verb with 'su' ending | transitive verb,to threaten | to menace | to intimidate | to startle | to frighten,scene_image,72,person_action_scene,action_state,person threatenning,おどかす,action_state,verb can be shown as an action scene,Tanos JLPT vocabulary
n2_03517,N2,かじる,かじる,,"to chew,to bite (at),to gnaw,to nibble",,,,Godan verb with 'ru' ending | transitive verb,to gnaw | to nibble | to bite | to munch | to crunch,scene_image,72,person_action_scene,action_state,person chewwing,かじる,action_state,verb can be shown as an action scene,Tanos JLPT vocabulary
n2_03519,N2,からかう,からかう,,"to ridicule,to tease,to banter with,to make fun of",欺负、捉弄,FALSE,from existing zh_meanings.py,Godan verb with 'u' ending | transitive verb,to tease | to make fun of | to poke fun at | to make a crack about | to chaff,scene_image,72,person_action_scene,action_state,person ridiculing,からかう,action_state,verb can be shown as an action scene,Tanos JLPT vocabulary
n2_03527,N2,くっつく,くっつく,,"to adhere to,to keep close to",,,,Godan verb with 'ku' ending | intransitive verb,to adhere to | to stick to | to cling to | to keep close to | to go along with,scene_image,72,person_action_scene,action_state,person adhering to,くっつく,action_state,verb can be shown as an action scene,Tanos JLPT vocabulary
n2_03528,N2,くっつける,くっつける,,to attach,,,,Ichidan verb | transitive verb,to attach | to stick together | to paste | to glue | to place together,scene_image,72,person_action_scene,action_state,person attaching,くっつける,action_state,verb can be shown as an action scene,Tanos JLPT vocabulary
n2_03530,N2,くるむ,くるむ,,"to be engulfed in,to be enveloped by,to wrap up",,,,Godan verb with 'mu' ending | transitive verb,to wrap up (in) | to roll up (in) | to tuck (up),scene_image,72,person_action_scene,action_state,person being engulfed in,くるむ,action_state,verb can be shown as an action scene,Tanos JLPT vocabulary
n2_03534,N2,こしらえる,こしらえる,,"to make,to manufacture",制作,FALSE,from existing zh_meanings.py,Ichidan verb | transitive verb,to make | to manufacture | to fabricate | to build | to construct,scene_image,72,person_action_scene,action_state,person making,こしらえる,action_state,verb can be shown as an action scene,Tanos JLPT vocabulary
n2_03538,N2,こぼす,こぼす,,to spill,,,,Godan verb with 'su' ending | transitive verb,to spill | to drop | to shed (tears) | to grumble (about) | to complain (of),scene_image,72,person_action_scene,action_state,person spilling,こぼす,action_state,verb can be shown as an action scene,Tanos JLPT vocabulary
n2_03539,N2,こぼれる,こぼれる,,"to overflow,to spill",,,,Ichidan verb | intransitive verb,to spill | to fall out of | to overflow | to peek through | to become visible (although normally not),scene_image,72,person_action_scene,action_state,person overflowwing,こぼれる,action_state,verb can be shown as an action scene,Tanos JLPT vocabulary
n2_03540,N2,こらえる,こらえる / こたえる,,"to bear,to stand,to endure,to put up with",站,FALSE,from existing zh_meanings.py,Ichidan verb | transitive verb,to bear | to stand | to endure | to put up with | to restrain,scene_image,72,person_action_scene,action_state,person bearing,こらえる,action_state,verb can be shown as an action scene,Tanos JLPT vocabulary
n2_03553,N2,しびれる,しびれる / シビれる / シビレる,,"to become numb,to go to sleep (i.e., a limb)",,,,Ichidan verb | intransitive verb,to become numb | to go to sleep (e.g. a limb) | to get an electric shock | to tingle (from an electric shock) | to be excited,scene_image,72,person_action_scene,action_state,person becoming numb,しびれる,action_state,verb can be shown as an action scene,Tanos JLPT vocabulary
n2_03556,N2,しゃがむ,しゃがむ,,to squat,,,,Godan verb with 'mu' ending | intransitive verb,to squat | to crouch,scene_image,72,person_action_scene,action_state,person squating,しゃがむ,action_state,verb can be shown as an action scene,Tanos JLPT vocabulary
n2_03558,N2,しゃぶる,しゃぶる,,"to suck,to chew",,,,Godan verb with 'ru' ending | transitive verb,to suck | to lick,scene_image,72,person_action_scene,action_state,person sucking,しゃぶる,action_state,verb can be shown as an action scene,Tanos JLPT vocabulary
n2_03565,N2,すれちがう,すれちがう,,"to pass by one another,to disagree",,,,Godan verb with 'u' ending | intransitive verb,to pass (by) each other | to brush past | to miss (meeting) each other | to fail to meet | to be at odds,scene_image,72,person_action_scene,action_state,person passing by one another,すれちがう,action_state,verb can be shown as an action scene,Tanos JLPT vocabulary
n2_03567,N2,ずらす,ずらす,,"to put off,to delay",,,,Godan verb with 'su' ending | transitive verb,"to shift | to move | to slide | to move (an appointment, meeting, etc.) | to bring forward",scene_image,72,person_action_scene,action_state,person putting off,ずらす,action_state,verb can be shown as an action scene,Tanos JLPT vocabulary
n2_03580,N2,だます,だます,,"to trick,to cheat,to deceive",,,,Godan verb with 'su' ending | transitive verb,to trick | to cheat | to deceive | to swindle | to dupe,scene_image,72,person_action_scene,action_state,person tricking,だます,action_state,verb can be shown as an action scene,Tanos JLPT vocabulary
n2_03582,N2,ちぎる,ちぎる,,"to cut up fine,to pick (fruit)",,,,Godan verb with 'ru' ending,to pledge | to vow | to promise | to swear | to have sexual intercourse (esp. between husband and wife),scene_image,72,person_action_scene,action_state,person cutting up fine,ちぎる,action_state,verb can be shown as an action scene,Tanos JLPT vocabulary
n2_03584,N2,つまずく,つまずく / つまづく,,"to stumble,to trip",,,,Godan verb with 'ku' ending | intransitive verb,to trip (over) | to stumble | to fail | to suffer a setback,scene_image,72,person_action_scene,action_state,person stumbling,つまずく,action_state,verb can be shown as an action scene,Tanos JLPT vocabulary
n2_03592,N2,どなる,どなる,,"to shout,to yell",,,,Godan verb with 'ru' ending | intransitive verb,to shout (in anger) | to yell,scene_image,72,person_action_scene,action_state,person shouting,どなる,action_state,verb can be shown as an action scene,Tanos JLPT vocabulary
n2_03593,N2,なぐる,なぐる,,"to strike,to hit",打击,FALSE,from existing zh_meanings.py,Godan verb with 'ru' ending | transitive verb,to strike | to hit | to beat | to punch,scene_image,72,person_action_scene,action_state,person striking,なぐる,action_state,verb can be shown as an action scene,Tanos JLPT vocabulary
n2_03602,N2,はめる,はめる / ハメる,,"(col) to get in,to insert,to put on,to make love",,,,Ichidan verb | transitive verb,"to fit (e.g. a pane into a frame) | to insert (e.g. a cork) | to fasten (a button) | to put on (something that envelops; e.g. a ring, gloves) | to place (a hoop) around",scene_image,72,person_action_scene,action_state,person getting in,はめる,action_state,verb can be shown as an action scene,Tanos JLPT vocabulary
n2_03611,N2,ぶつかる,ぶつかる / ぶっつかる,,"to strike,to collide with",,,,Godan verb with 'ru' ending | intransitive verb,to bump into | to run into | to collide with | to hit | to strike,scene_image,72,person_action_scene,action_state,person striking,ぶつかる,action_state,verb can be shown as an action scene,Tanos JLPT vocabulary
n2_03612,N2,ぶつける,ぶつける,,"to knock,to run into,to nail on,to strike hard,to hit and attack",,,,Ichidan verb | transitive verb,to hit (e.g. one's head) | to strike | to knock | to run (into) | to crash (into),scene_image,72,person_action_scene,action_state,person knocking,ぶつける,action_state,verb can be shown as an action scene,Tanos JLPT vocabulary
n2_03614,N2,ぶらさげる,ぶらさげる,,"to hang,to suspend,to dangle,to swing",,,,Ichidan verb | transitive verb,to hang | to suspend | to dangle | to swing | to carry,scene_image,72,person_action_scene,action_state,person hanging,ぶらさげる,action_state,verb can be shown as an action scene,Tanos JLPT vocabulary
n2_03618,N2,ほどく,ほどく,,to unfasten,解开,FALSE,from existing zh_meanings.py,Godan verb with 'ku' ending | transitive verb,to undo | to untie | to unfasten | to unlace | to unravel,scene_image,72,person_action_scene,action_state,person unfastenning,ほどく,action_state,verb can be shown as an action scene,Tanos JLPT vocabulary
n2_03622,N2,またぐ,またぐ,,to straddle,,,,Godan verb with 'gu' ending | transitive verb,to step over | to step across | to stride over | to stride across | to cross,scene_image,72,person_action_scene,action_state,person straddling,またぐ,action_state,verb can be shown as an action scene,Tanos JLPT vocabulary
n2_03633,N2,もたれる,もたれる,,"to lean against,to lean on,to recline on,to lie heavy (on the stomach)",,,,Ichidan verb | intransitive verb,to lean against | to lean on | to recline on | to lie heavy (on the stomach) | to be uneasily digested,scene_image,72,person_action_scene,action_state,person leaning against,もたれる,action_state,verb can be shown as an action scene,Tanos JLPT vocabulary
n2_03637,N2,やっつける,やっつける,,"to attack (an enemy),to beat,to do away with,to finish off",,,,Ichidan verb | transitive verb,to beat | to attack (an enemy) | to do away with | to finish off,scene_image,72,person_action_scene,action_state,person attacking,やっつける,action_state,verb can be shown as an action scene,Tanos JLPT vocabulary
n2_03640,N2,ゆでる,ゆでる / うでる,,to boil,,,,Ichidan verb | transitive verb,"to boil (something in hot water) | to treat with medicinal steam (a swelling, etc.)",scene_image,72,person_action_scene,action_state,person boiling,ゆでる,action_state,verb can be shown as an action scene,Tanos JLPT vocabulary
n2_03641,N2,よこす,よこす,,"(1) to send,to forward,(2) to hand over (e.g. money)",,,,Godan verb with 'su' ending | transitive verb,to send | to forward | to hand over (e.g. money),scene_image,72,person_action_scene,action_state,person sending,よこす,action_state,verb can be shown as an action scene,Tanos JLPT vocabulary
n2_03785,N2,上る,のぼる,,"to ascend,to go up,to climb",爬、登,FALSE,from existing zh_meanings.py,Godan verb with 'ru' ending | intransitive verb,to rise | to go up | to come up | to ascend | to be raised,scene_image,72,person_action_scene,action_state,person ascending,上る,action_state,verb can be shown as an action scene,Tanos JLPT vocabulary
n2_03789,N2,下る,くだる,,"to get down,to descend",下降、下去,FALSE,from existing zh_meanings.py,Godan verb with 'ru' ending | intransitive verb,to come down | to go down | to fall | to drop | to sink,scene_image,72,person_action_scene,action_state,person getting down,下る,action_state,verb can be shown as an action scene,Tanos JLPT vocabulary
n2_03821,N2,乾かす,かわかす,,"to dry (clothes, etc.),to desiccate",,,,Godan verb with 'su' ending | transitive verb,"to dry (clothes, etc.) | to desiccate",scene_image,72,person_action_scene,action_state,person drying (clothes,乾かす,action_state,verb can be shown as an action scene,Tanos JLPT vocabulary
n2_03845,N2,代える,かえる,,"to exchange,to interchange,to substitute,to replace",交换、互换、替换、替换,FALSE,from existing zh_meanings.py,Ichidan verb | transitive verb,to replace | to convert | to change | to exchange | to interchange,scene_image,72,person_action_scene,action_state,person exchanging,代える,action_state,verb can be shown as an action scene,Tanos JLPT vocabulary
n2_03883,N2,例える,たとえる,,"to compare,to liken,to speak figuratively,to illustrate,to use a simile",比较,FALSE,from existing zh_meanings.py,Ichidan verb | transitive verb,to compare (something) to | to liken | to speak figuratively | to use a simile | to use a metaphor,scene_image,72,person_action_scene,action_state,person comparing,例える,action_state,verb can be shown as an action scene,Tanos JLPT vocabulary
n2_03897,N2,倣う,ならう,,"to imitate,to follow,to emulate",,,,Godan verb with 'u' ending | intransitive verb,to imitate | to follow | to copy | to emulate,scene_image,72,person_action_scene,action_state,person imitating,倣う,action_state,verb can be shown as an action scene,Tanos JLPT vocabulary
n2_03947,N2,冷ます,さます,,"to cool,to dampen,to let cool",,,,Godan verb with 'su' ending | transitive verb,to cool (e.g. from a high temperature to room temperature) | to let cool | to dampen | to throw a damper on | to spoil,scene_image,72,person_action_scene,action_state,person cooling,冷ます,action_state,verb can be shown as an action scene,Tanos JLPT vocabulary
n2_03948,N2,冷める,さめる,,"to become cool,to wear off,to abate,to subside",,,,Ichidan verb | intransitive verb,"to cool down | to get cold | to cool off (excitement, temper, etc.) | to subside | to dampen",scene_image,72,person_action_scene,action_state,person becoming cool,冷める,action_state,verb can be shown as an action scene,Tanos JLPT vocabulary
n2_03949,N2,冷やす,ひやす,,"to cool,to refrigerate",,,,Godan verb with 'su' ending | transitive verb,to cool | to chill | to refrigerate | to calm down | to cool off,scene_image,72,person_action_scene,action_state,person cooling,冷やす,action_state,verb can be shown as an action scene,Tanos JLPT vocabulary
n2_03951,N2,凍える,こごえる,,"to freeze,to be chilled,to be frozen",,,,Ichidan verb | intransitive verb,to freeze (of one's body) | to be frozen | to become numb (with cold) | to be chilled,scene_image,72,person_action_scene,action_state,person freezing,凍える,action_state,verb can be shown as an action scene,Tanos JLPT vocabulary
n2_03953,N2,凹む,へこむ,,"to be dented,to be indented,to yield to,to give,to sink,to collapse,to cave in,to be snubbed",给,FALSE,from existing zh_meanings.py,Godan verb with 'mu' ending | intransitive verb,to be dented | to be indented | to yield | to give | to sink,scene_image,72,person_action_scene,action_state,person being dented,凹む,action_state,verb can be shown as an action scene,Tanos JLPT vocabulary
n2_03959,N2,出掛ける,でかける,,"to depart,to set out,to start,to be going out",出发,FALSE,from existing zh_meanings.py,Ichidan verb | intransitive verb,to go out (e.g. on an excursion or outing) | to leave | to depart | to start | to set out,scene_image,72,person_action_scene,action_state,person departing,出掛ける,action_state,verb can be shown as an action scene,Tanos JLPT vocabulary
n2_03963,N2,出迎える,でむかえる,,"to meet,to greet",见面,FALSE,from existing zh_meanings.py,Ichidan verb | transitive verb,to meet | to greet,scene_image,72,person_action_scene,action_state,person meeting,出迎える,action_state,verb can be shown as an action scene,Tanos JLPT vocabulary
n2_03964,N2,分かれる,わかれる,,"to branch off,to diverge from,to fork,to split,to dispense,to scatter,to divide into",,,,Ichidan verb | intransitive verb,to branch | to fork | to diverge | to separate | to split,scene_image,72,person_action_scene,action_state,person branching off,分かれる,action_state,verb can be shown as an action scene,Tanos JLPT vocabulary
n2_03981,N2,刷る,する,,to print,,,,Godan verb with 'ru' ending | transitive verb,to print | to color or pattern fabric using a wooden mold,scene_image,72,person_action_scene,action_state,person printing,刷る,action_state,verb can be shown as an action scene,Tanos JLPT vocabulary
n2_03983,N2,刺す,さす,,"to pierce,to stab,to prick,to thrust",,,,Godan verb with 'su' ending | transitive verb,to pierce | to stab | to prick | to stick | to thrust,scene_image,72,person_action_scene,action_state,person piercing,刺す,action_state,verb can be shown as an action scene,Tanos JLPT vocabulary
n2_03985,N2,刻む,きざむ,,"to mince,to carve,to engrave",,,,Godan verb with 'mu' ending | transitive verb,to mince | to cut fine | to chop up | to hash | to shred,scene_image,72,person_action_scene,action_state,person mincing,刻む,action_state,verb can be shown as an action scene,Tanos JLPT vocabulary
n2_03986,N2,剃る,そる,,to shave,,,,Godan verb with 'ru' ending | transitive verb,to shave,scene_image,72,person_action_scene,action_state,person shaving,剃る,action_state,verb can be shown as an action scene,Tanos JLPT vocabulary
n2_03988,N2,削る,けずる,,"to cut down little by little,to take a percentage",,,,Godan verb with 'ru' ending | transitive verb,"to shave (wood, leather, etc.) | to sharpen (e.g. pencil) | to plane | to whittle | to pare",scene_image,72,person_action_scene,action_state,person cutting down little by little,削る,action_state,verb can be shown as an action scene,Tanos JLPT vocabulary
n2_03991,N2,剥く,むく,,"to peel,to skin,to pare,to hull",,,,Godan verb with 'ku' ending | transitive verb,to peel | to skin | to pare | to hull | to strip,scene_image,72,person_action_scene,action_state,person peeling,剥く,action_state,verb can be shown as an action scene,Tanos JLPT vocabulary
n2_03992,N2,剥す,はがす,,"(v5s) to tear off,to peel off,to rip off",,,,Godan verb with 'su' ending | transitive verb,to tear off | to peel off | to rip off | to strip off | to skin,scene_image,72,person_action_scene,action_state,person tearing off,剥す,action_state,verb can be shown as an action scene,Tanos JLPT vocabulary
n2_04020,N2,区切る,くぎる,,"to punctuate,to cut off,to mark off,to stop,to put an end to",罢停,FALSE,from existing zh_meanings.py,Godan verb with 'ru' ending | transitive verb,to divide | to separate | to partition | to demarcate | to delimit,scene_image,72,person_action_scene,action_state,person punctuating,区切る,action_state,verb can be shown as an action scene,Tanos JLPT vocabulary
n2_04033,N2,卸す,おろす,,"to sell wholesale,grated (vegetables)",,,,Godan verb with 'su' ending | transitive verb,to sell wholesale | to grate (e.g. vegetables) | to cut up fish,scene_image,72,person_action_scene,action_state,person selling wholesale,卸す,action_state,verb can be shown as an action scene,Tanos JLPT vocabulary
n2_04048,N2,取り入れる,とりいれる,,"to harvest,to take in,to adopt",,,,Ichidan verb | transitive verb,to take in | to gather in | to adopt (e.g. an idea) | to accept (e.g. advice) | to introduce (e.g. technology),scene_image,72,person_action_scene,action_state,person harvesting,取り入れる,action_state,verb can be shown as an action scene,Tanos JLPT vocabulary
n2_04049,N2,取り出す,とりだす,,"to take out,to produce,to pick out",生产,FALSE,from existing zh_meanings.py,Godan verb with 'su' ending | transitive verb,to take out | to produce | to pick out | to fetch | to retrieve,scene_image,72,person_action_scene,action_state,person taking out,取り出す,action_state,verb can be shown as an action scene,Tanos JLPT vocabulary
n2_04051,N2,受け持つ,うけもつ,,to take (be in) charge of,,,,Godan verb with 'tsu' ending | transitive verb,to take (be in) charge of,scene_image,72,person_action_scene,action_state,person taking charge of,受け持つ,action_state,verb can be shown as an action scene,Tanos JLPT vocabulary
n2_04068,N2,吊す,つるす,,to hang,,,,Godan verb with 'su' ending | transitive verb,to hang | to hang up,scene_image,72,person_action_scene,action_state,person hanging,吊す,action_state,verb can be shown as an action scene,Tanos JLPT vocabulary
n2_04069,N2,吊る,つる,,to hang,,,,Godan verb with 'ru' ending | transitive verb | intransitive verb,to hang | to suspend | to sling | to wear (e.g. a sword) | to put up (e.g. a shelf),scene_image,72,person_action_scene,action_state,person hanging,吊る,action_state,verb can be shown as an action scene,Tanos JLPT vocabulary
n2_04079,N2,含める,ふくめる,,"to include,to instruct,to make one understand",,,,Ichidan verb | transitive verb,to include (in a group or scope) | to instruct | to make one understand | to include (a nuance) | to put in (an implication),scene_image,72,person_action_scene,action_state,person including,含める,action_state,verb can be shown as an action scene,Tanos JLPT vocabulary
n2_04083,N2,味わう,あじわう,,"to taste,to savor,to relish",,,,Godan verb with 'u' ending | transitive verb,to taste | to savor | to savour | to relish | to appreciate,scene_image,72,person_action_scene,action_state,person tasting,味わう,action_state,verb can be shown as an action scene,Tanos JLPT vocabulary
n2_04084,N2,呼び出す,よびだす,,"to summon,to call (e.g. phone)",,,,Godan verb with 'su' ending | transitive verb,"to call (someone) to (the door, phone, etc.) | to tell (someone) to come | to call up (on the phone) | to summon | to page",scene_image,72,person_action_scene,action_state,person summonning,呼び出す,action_state,verb can be shown as an action scene,Tanos JLPT vocabulary
n2_04085,N2,呼び掛ける,よびかける,,"to call out to,to accost,to address (crowd),to appeal",,,,Ichidan verb | transitive verb,to call out to | to hail | to address | to appeal (e.g. to the public) | to urge,scene_image,72,person_action_scene,action_state,person calling out to,呼び掛ける,action_state,verb can be shown as an action scene,Tanos JLPT vocabulary
n2_04089,N2,咥える,くわえる,,to hold in one's mouth | to bring with | to take along,,,,Ichidan verb | transitive verb,to hold in one's mouth | to bring with | to take along,scene_image,72,person_action_scene,action_state,person holding in one's mouth,咥える,action_state,verb can be shown as an action scene,Tanos JLPT vocabulary
n2_04096,N2,嗅ぐ,かぐ,,"to sniff,to smell",,,,Godan verb with 'gu' ending | transitive verb,to sniff | to smell,scene_image,72,person_action_scene,action_state,person sniffing,嗅ぐ,action_state,verb can be shown as an action scene,Tanos JLPT vocabulary
n2_04101,N2,囁く,ささやく,,"to whisper,to murmur",,,,Godan verb with 'ku' ending | intransitive verb,to whisper | to murmur | to rumor | to rumour,scene_image,72,person_action_scene,action_state,person whisperring,囁く,action_state,verb can be shown as an action scene,Tanos JLPT vocabulary
n2_04118,N2,固まる,かたまる,,"to harden,to solidify,to become firm,to become certain",,,,Godan verb with 'ru' ending | intransitive verb,to harden | to solidify | to become firm | to become certain | to gather (together),scene_image,72,person_action_scene,action_state,person hardenning,固まる,action_state,verb can be shown as an action scene,Tanos JLPT vocabulary
n2_04138,N2,埋める,うめる,,"to bury,to fill up,to fill (a seat, a vacant position)",,,,Ichidan verb | transitive verb,to cover | to bury (e.g. one's face in hands) | to submerge | to fill (completely) | to stuff,scene_image,72,person_action_scene,action_state,person burying,埋める,action_state,verb can be shown as an action scene,Tanos JLPT vocabulary
n2_04148,N2,塞ぐ,ふさぐ,,"to stop up,to close up,to block (up)",,,,Godan verb with 'gu' ending | transitive verb,to stop up | to close up | to block (up) | to plug up | to shut up,scene_image,72,person_action_scene,action_state,person stopping up,塞ぐ,action_state,verb can be shown as an action scene,Tanos JLPT vocabulary
n2_04233,N2,寄せる,よせる,,"to collect,to gather,to add,to put aside",收集,FALSE,from existing zh_meanings.py,Ichidan verb | transitive verb,to come near | to let someone approach | to bring near | to bring together | to collect,scene_image,72,person_action_scene,action_state,person collecting,寄せる,action_state,verb can be shown as an action scene,Tanos JLPT vocabulary
n2_04245,N2,射す,さす,,"to shine,to strike",,,,Godan verb with 'su' ending | intransitive verb,to shine,scene_image,72,person_action_scene,action_state,person shining,射す,action_state,verb can be shown as an action scene,Tanos JLPT vocabulary
n2_04262,N2,崩す,くずす,,"to destroy,to pull down,to make change (money)",,,,Godan verb with 'su' ending | transitive verb,to destroy | to demolish | to pull down | to tear down | to level,scene_image,72,person_action_scene,action_state,person destroying,崩す,action_state,verb can be shown as an action scene,Tanos JLPT vocabulary
n2_04264,N2,巡る,めぐる,,to go around,转、绕行,FALSE,from existing zh_meanings.py,Godan verb with 'ru' ending | intransitive verb,to go around | to make a circle around | to surround | to circle | to enclose,scene_image,72,person_action_scene,action_state,person going around,巡る,action_state,verb can be shown as an action scene,Tanos JLPT vocabulary
n2_04266,N2,工事,こうじ,,construction work,,,,noun (common) (futsuumeishi) | noun or participle which takes the aux. verb suru | transitive verb | intransitive verb,construction work,scene_image,72,person_action_scene,action_state,person constructioning work,工事,action_state,verb can be shown as an action scene,Tanos JLPT vocabulary
n2_04273,N2,帰す,かえす,,to send back,,,,Godan verb with 'su' ending | transitive verb,to send (someone) back | to send (someone) home,scene_image,72,person_action_scene,action_state,person sending back,帰す,action_state,verb can be shown as an action scene,Tanos JLPT vocabulary
n2_04274,N2,干す,ほす,,"to air,to dry,to desiccate,to drain (off),to drink up",,,,Godan verb with 'su' ending | transitive verb,to air | to dry | to desiccate | to drain (off) | to drink up,scene_image,72,person_action_scene,action_state,person airing,干す,action_state,verb can be shown as an action scene,Tanos JLPT vocabulary
n2_04302,N2,引っ繰り返す,ひっくりかえす,,"to turn over,to overturn,to knock over,to upset,to turn inside out",,,,Godan verb with 'su' ending | transitive verb,to turn over | to turn upside down | to turn up | to turn inside out | to turn out,scene_image,72,person_action_scene,action_state,person turning over,引っ繰り返す,action_state,verb can be shown as an action scene,Tanos JLPT vocabulary
n2_04305,N2,引出す,ひきだす,,"to pull out,to take out,to draw out,to withdraw",撤回、取出,FALSE,from existing zh_meanings.py,Godan verb with 'su' ending | transitive verb,to pull out | to take out | to draw out | to lead out (e.g. a horse from a stable) | to summon (e.g. to court),scene_image,72,person_action_scene,action_state,person pulling out,引出す,action_state,verb can be shown as an action scene,Tanos JLPT vocabulary
n2_04308,N2,引受る,ひきうける,,"to undertake,to take up,to take over",,,,Ichidan verb | transitive verb,to take on | to undertake | to accept | to take charge of | to assume responsibility for,scene_image,72,person_action_scene,action_state,person undertaking,引受る,action_state,verb can be shown as an action scene,Tanos JLPT vocabulary
n2_04311,N2,引返す,ひきかえす,,"to repeat,to send back,to bring back",,,,Godan verb with 'su' ending | intransitive verb,to turn back | to go back | to come back | to return | to retrace one's steps,scene_image,72,person_action_scene,action_state,person repeating,引返す,action_state,verb can be shown as an action scene,Tanos JLPT vocabulary
n2_04322,N2,彫る,ほる,,"to carve,to engrave,to sculpture,to chisel",,,,Godan verb with 'ru' ending | transitive verb,to carve | to engrave | to sculpt | to chisel | to tattoo,scene_image,72,person_action_scene,action_state,person carving,彫る,action_state,verb can be shown as an action scene,Tanos JLPT vocabulary
n2_04329,N2,待ち合わせる,まちあわせる,,"to rendezvous,to meet at a prearranged place and time",,,,Ichidan verb | transitive verb | intransitive verb,to rendezvous | to meet at a prearranged place and time | to arrange to meet,scene_image,72,person_action_scene,action_state,person rendezvousing,待ち合わせる,action_state,verb can be shown as an action scene,Tanos JLPT vocabulary
n2_04345,N2,応ずる,おうずる,,"to answer,to respond,to meet,to satisfy,to accept",回答、见面,FALSE,from existing zh_meanings.py,Ichidan verb - zuru verb (alternative form of -jiru verbs) | intransitive verb,to answer | to respond | to meet | to satisfy | to accept,scene_image,72,person_action_scene,action_state,person answerring,応ずる,action_state,verb can be shown as an action scene,Tanos JLPT vocabulary
n2_04352,N2,思い付く,おもいつく,,"to think of,to hit upon",,,,Godan verb with 'ku' ending | transitive verb | intransitive verb,to think of | to hit upon | to come into one's mind | to be struck with an idea | to remember,scene_image,72,person_action_scene,action_state,person thinking of,思い付く,action_state,verb can be shown as an action scene,Tanos JLPT vocabulary
n2_04402,N2,承る,うけたまわる,,"(hum) to hear,to be told,to know",知道,FALSE,from existing zh_meanings.py,Godan verb with 'ru' ending | transitive verb,to hear | to be told | to know | to receive (order) | to undertake,scene_image,72,person_action_scene,action_state,person hearing,承る,action_state,verb can be shown as an action scene,Tanos JLPT vocabulary
n2_04407,N2,担ぐ,かつぐ,,"to shoulder,to carry on shoulder",,,,Godan verb with 'gu' ending | transitive verb,to shoulder | to carry on one's shoulder | to nominate for a position | to choose as a representative | to take (someone) for a ride,scene_image,72,person_action_scene,action_state,person shoulderring,担ぐ,action_state,verb can be shown as an action scene,Tanos JLPT vocabulary
n2_04408,N2,拝む,おがむ,,"to worship,to beg,to make a supplication",,,,Godan verb with 'mu' ending | transitive verb,to assume the posture of praying | to press the palms and fingers of both hands together | to do reverence (e.g. before a statue of the Buddha) | to pay one's respects | to beg,scene_image,72,person_action_scene,action_state,person worshipping,拝む,action_state,verb can be shown as an action scene,Tanos JLPT vocabulary
n2_04413,N2,拭く,ふく,,"to wipe,to dry",,,,Godan verb with 'ku' ending | transitive verb,to wipe | to dry,scene_image,72,person_action_scene,action_state,person wiping,拭く,action_state,verb can be shown as an action scene,Tanos JLPT vocabulary
n2_04416,N2,挙げる,あげる,,"to raise,to fly",,,,Ichidan verb | transitive verb,to give (an example) | to list | to enumerate | to show | to display,scene_image,72,person_action_scene,action_state,person raising,挙げる,action_state,verb can be shown as an action scene,Tanos JLPT vocabulary
n2_04418,N2,挟む,はさむ,,"to interpose,to hold between,to insert",,,,Godan verb with 'mu' ending | transitive verb,"to hold between (e.g. one's fingers, chopsticks) | to grip (from both sides) | to put between | to sandwich between | to insert",scene_image,72,person_action_scene,action_state,person interposing,挟む,action_state,verb can be shown as an action scene,Tanos JLPT vocabulary
n2_04421,N2,挿す,さす,,"to insert,to put in,to graft,to wear in belt",放入,FALSE,from existing zh_meanings.py,Godan verb with 'su' ending | transitive verb,to insert | to put in | to plant (a cutting) | to strike | to arrange (flowers),scene_image,72,person_action_scene,action_state,person inserting,挿す,action_state,verb can be shown as an action scene,Tanos JLPT vocabulary
n2_04423,N2,捕る,とる,,"to take,to catch (fish),to capture",,,,Godan verb with 'ru' ending | transitive verb,"to catch (a wild animal, fish, insect, baseball, etc.) | to capture",scene_image,72,person_action_scene,action_state,person taking,捕る,action_state,verb can be shown as an action scene,Tanos JLPT vocabulary
n2_04426,N2,捻る,ひねる,,"to turn (a switch) on or off,to twist,to puzzle over",,,,Godan verb with 'ru' ending | transitive verb,"to twist | to wrench | to turn (a tap, switch, etc.) | to twist (a body part) | to bend",scene_image,72,person_action_scene,action_state,person turning on or off,捻る,action_state,verb can be shown as an action scene,Tanos JLPT vocabulary
n2_04431,N2,採る,とる,,"(1) to adopt (measure, proposal),(2) to pick (fruit)",,,,Godan verb with 'ru' ending | transitive verb,"to adopt (a method, proposal, etc.) | to take (a measure, course of action, etc.) | to decide on | to pick (e.g. flowers) | to gather (e.g. mushrooms)",scene_image,72,person_action_scene,action_state,person adopting (measure,採る,action_state,verb can be shown as an action scene,Tanos JLPT vocabulary
n2_04434,N2,接する,せっする,,"to come in contact with,to connect,to attend,to receive",出席,FALSE,from existing zh_meanings.py,suru verb - special class | intransitive verb,to touch | to come in contact with | to border on | to adjoin | to be adjacent,scene_image,72,person_action_scene,action_state,person coming in contact with,接する,action_state,verb can be shown as an action scene,Tanos JLPT vocabulary
n2_04440,N2,揃える,そろえる,,"to put things in order,to arrange,to make uniform,to get something ready",,,,Ichidan verb | transitive verb,to collect | to gather | to get together | to complete (a collection) | to arrange,scene_image,72,person_action_scene,action_state,person putting things in order,揃える,action_state,verb can be shown as an action scene,Tanos JLPT vocabulary
n2_04449,N2,擦る,こする,,"to rub,to chafe,to file,to frost (glass),to strike (match)",,,,Godan verb with 'ru' ending | transitive verb,"to rub | to scrub | to scrape | to repeatedly reuse (a joke, a topic of conversation, etc.) | to milk",scene_image,72,person_action_scene,action_state,person rubbing,擦る,action_state,verb can be shown as an action scene,Tanos JLPT vocabulary
n2_04455,N2,攻める,せめる,,"to attack,to assault",,,,Ichidan verb | transitive verb,to attack | to assault | to assail,scene_image,72,person_action_scene,action_state,person attacking,攻める,action_state,verb can be shown as an action scene,Tanos JLPT vocabulary
n2_04457,N2,放れる,はなれる,,"to leave,to get free,to cut oneself off",,,,Ichidan verb | intransitive verb,to get free (from) | to be freed | to be released,scene_image,72,person_action_scene,action_state,person leaving,放れる,action_state,verb can be shown as an action scene,Tanos JLPT vocabulary
n2_04464,N2,散る,ちる,,"to fall,to scatter (e.g. blossoms)",,,,Godan verb with 'ru' ending | intransitive verb,"to fall (e.g. blossoms, leaves) | to scatter | to be dispersed | to disappear | to dissolve",scene_image,72,person_action_scene,action_state,person falling,散る,action_state,verb can be shown as an action scene,Tanos JLPT vocabulary
n2_04465,N2,敬う,うやまう,,"to show respect,to honour",,,,Godan verb with 'u' ending | transitive verb,to show respect for | to revere | to honour | to honor | to worship,scene_image,72,person_action_scene,action_state,person showwing respect,敬う,action_state,verb can be shown as an action scene,Tanos JLPT vocabulary
n2_04503,N2,映る,うつる,,"to be reflected,to harmonize with,to come out (photo)",,,,Godan verb with 'ru' ending | intransitive verb,to be reflected | to harmonize with (harmonise) | to come out (photo) | to be projected | to be displayed (on a screen),scene_image,72,person_action_scene,action_state,person being reflected,映る,action_state,verb can be shown as an action scene,Tanos JLPT vocabulary
n2_04511,N2,曲げる,まげる,,"to bend,to crook,to lean",,,,Ichidan verb | transitive verb,to bend | to crook | to bow | to curve | to curl,scene_image,72,person_action_scene,action_state,person bending,曲げる,action_state,verb can be shown as an action scene,Tanos JLPT vocabulary
n2_04513,N2,更ける,ふける,,"to get late,to advance,to wear on",,,,Ichidan verb | intransitive verb,to get late | to advance | to wear on,scene_image,72,person_action_scene,action_state,person getting late,更ける,action_state,verb can be shown as an action scene,Tanos JLPT vocabulary
n2_04551,N2,棄てる,すてる,,to throw away | to cast away | to dump,,,,Ichidan verb | transitive verb,to throw away | to cast away | to dump | to discard | to abandon,scene_image,72,person_action_scene,action_state,person throwwing away,棄てる,action_state,verb can be shown as an action scene,Tanos JLPT vocabulary
n2_04589,N2,気を付ける,きをつける,,"to be careful,to pay attention,to take care",,,,"expressions (phrases, clauses, etc.) | Ichidan verb",to be careful | to pay attention | to take care,scene_image,72,person_action_scene,action_state,person being careful,気を付ける,action_state,verb can be shown as an action scene,Tanos JLPT vocabulary
n2_04604,N2,汚す,よごす,,"(1) to disgrace,to dishonour,(2) to pollute,to contaminate,to soil,to make dirty,to stain",,,,Godan verb with 'su' ending | transitive verb,to pollute | to contaminate | to soil | to make dirty | to stain,scene_image,72,person_action_scene,action_state,person disgracing,汚す,action_state,verb can be shown as an action scene,Tanos JLPT vocabulary
n2_04607,N2,治す,なおす,,"to cure,to heal,to fix,to correct,to repair",,,,Godan verb with 'su' ending | transitive verb,to cure | to heal,scene_image,72,person_action_scene,action_state,person curing,治す,action_state,verb can be shown as an action scene,Tanos JLPT vocabulary
n2_04609,N2,泊める,とめる,,"to give shelter to,to lodge",,,,Ichidan verb | transitive verb,to give shelter to | to lodge | to put up | to accommodate,scene_image,72,person_action_scene,action_state,person giving shelter to,泊める,action_state,verb can be shown as an action scene,Tanos JLPT vocabulary
n2_04635,N2,涼む,すずむ,,"to cool oneself,to cool off,to enjoy evening cool",,,,Godan verb with 'mu' ending | intransitive verb,to cool oneself | to cool off | to enjoy the cool air,scene_image,72,person_action_scene,action_state,person cooling oneself,涼む,action_state,verb can be shown as an action scene,Tanos JLPT vocabulary
n2_04641,N2,混ぜる,まぜる,,"to mix,to stir",,,,Ichidan verb | transitive verb,to mix | to stir | to blend,scene_image,72,person_action_scene,action_state,person mixxing,混ぜる,action_state,verb can be shown as an action scene,Tanos JLPT vocabulary
n2_04654,N2,湧く,わく,,"to boil,to grow hot,to get excited,to gush forth",,,,Godan verb with 'ku' ending | intransitive verb,"to well (up) | to gush out (of water) | to spring out | to surge | to appear (esp. suddenly) (sweat, tears, etc.)",scene_image,72,person_action_scene,action_state,person boiling,湧く,action_state,verb can be shown as an action scene,Tanos JLPT vocabulary
n2_04677,N2,潜る,もぐる,,"(1) to drive,to pass through,(2) to evade,to hide,(3) to dive (into or under water),to go undergroun",,,,Godan verb with 'ru' ending | intransitive verb,to go under | to pass under | to go through | to pass through | to dive (into or under the water),scene_image,72,person_action_scene,action_state,person driving,潜る,action_state,verb can be shown as an action scene,Tanos JLPT vocabulary
n2_04679,N2,潰れる,つぶれる,,"to be smashed,to go bankrupt",,,,Ichidan verb | intransitive verb,to be crushed | to be squashed | to be smashed | to be destroyed | to be broken,scene_image,72,person_action_scene,action_state,person being smashed,潰れる,action_state,verb can be shown as an action scene,Tanos JLPT vocabulary
n2_04693,N2,炊く,たく,,"to boil,to cook",,,,Godan verb with 'ku' ending | transitive verb | intransitive verb,"to cook (grains, e.g. rice) | to boil | to simmer | to stew | to seethe",scene_image,72,person_action_scene,action_state,person boiling,炊く,action_state,verb can be shown as an action scene,Tanos JLPT vocabulary
n2_04698,N2,点く,つく,,"to catch fire,(electricity) comes on",,,,Godan verb with 'ku' ending | intransitive verb,"to be lit (of a lamp, burner, etc.) | to catch fire | to ignite | to start burning | to be turned on (of a light, appliance, etc.)",scene_image,72,person_action_scene,action_state,person catching fire,点く,action_state,verb can be shown as an action scene,Tanos JLPT vocabulary
n2_04699,N2,点ける,つける,,"to turn on,to switch on,to light up",打开电器,FALSE,from existing zh_meanings.py,Ichidan verb | transitive verb,to turn on | to switch on | to light up,scene_image,72,person_action_scene,action_state,person turning on,点ける,action_state,verb can be shown as an action scene,Tanos JLPT vocabulary
n2_04703,N2,焚く,たく,,"to burn,to kindle,to build a fire",燃烧,FALSE,from existing zh_meanings.py,Godan verb with 'ku' ending | transitive verb,to burn | to roast | to broil | to grill | to bake,scene_image,72,person_action_scene,action_state,person burning,焚く,action_state,verb can be shown as an action scene,Tanos JLPT vocabulary
n2_04708,N2,焦がす,こがす,,"to burn,to scorch,to singe,to char",燃烧,FALSE,from existing zh_meanings.py,Godan verb with 'su' ending | transitive verb,to burn | to scorch | to singe | to char,scene_image,72,person_action_scene,action_state,person burning,焦がす,action_state,verb can be shown as an action scene,Tanos JLPT vocabulary
n2_04715,N2,照らす,てらす,,"to shine on,to illuminate",,,,Godan verb with 'su' ending | transitive verb,to shine on | to illuminate | to compare (with) | to refer to,scene_image,72,person_action_scene,action_state,person shining on,照らす,action_state,verb can be shown as an action scene,Tanos JLPT vocabulary
n2_04716,N2,照る,てる,,to shine,,,,Godan verb with 'ru' ending | intransitive verb,"to shine | to look slightly upward (of a noh mask; indicating joy, etc.)",scene_image,72,person_action_scene,action_state,person shining,照る,action_state,verb can be shown as an action scene,Tanos JLPT vocabulary
n2_04717,N2,煮える,にえる,,"to boil,to cook,to be cooked",,,,Ichidan verb | intransitive verb,to be boiled | to be cooked,scene_image,72,person_action_scene,action_state,person boiling,煮える,action_state,verb can be shown as an action scene,Tanos JLPT vocabulary
n2_04718,N2,煮る,にる,,"to boil,to cook",,,,Ichidan verb | transitive verb,to boil | to simmer | to stew | to seethe,scene_image,72,person_action_scene,action_state,person boiling,煮る,action_state,verb can be shown as an action scene,Tanos JLPT vocabulary
n2_04724,N2,片付く,かたづく,,"to put in order,to dispose of,to solve",,,,Godan verb with 'ku' ending | intransitive verb,to be put in order | to be put to rights | to be disposed of | to be solved | to be finished,scene_image,72,person_action_scene,action_state,person putting in order,片付く,action_state,verb can be shown as an action scene,Tanos JLPT vocabulary
n2_04753,N2,生える,はえる,,"(1) to grow,to spring up,(2) to cut (teeth)",,,,Ichidan verb | intransitive verb,to grow | to spring up | to sprout | to cut (teeth),scene_image,72,person_action_scene,action_state,person growwing,生える,action_state,verb can be shown as an action scene,Tanos JLPT vocabulary
n2_04795,N2,目立つ,めだつ,,"to be conspicuous,to stand out",,,,Godan verb with 'tsu' ending | intransitive verb,to be conspicuous | to stand out,scene_image,72,person_action_scene,action_state,person being conspicuous,目立つ,action_state,verb can be shown as an action scene,Tanos JLPT vocabulary
n2_04816,N2,真似る,まねる,,"to mimic,to imitate",,,,Ichidan verb | transitive verb,to mimic | to imitate,scene_image,72,person_action_scene,action_state,person mimiccing,真似る,action_state,verb can be shown as an action scene,Tanos JLPT vocabulary
n2_04819,N2,着ける,つける,,"(1) to attach,to join,to add,to append",,,,Ichidan verb | transitive verb,to attach | to join | to connect | to add | to append,scene_image,72,person_action_scene,action_state,person attaching,着ける,action_state,verb can be shown as an action scene,Tanos JLPT vocabulary
n2_04820,N2,着せる,きせる,,to put on clothes,,,,Ichidan verb | transitive verb,to put clothes on (someone) | to dress | to clothe | to cover | to coat,scene_image,72,person_action_scene,action_state,person putting on clothes,着せる,action_state,verb can be shown as an action scene,Tanos JLPT vocabulary
n2_04836,N2,破れる,やぶれる,,"to get torn,to wear out",,,,Ichidan verb | intransitive verb,to break | to be smashed | to split | to crack | to fissure,scene_image,72,person_action_scene,action_state,person getting torn,破れる,action_state,verb can be shown as an action scene,Tanos JLPT vocabulary
n2_04862,N2,突き当たる,つきあたる,,"to run into,to collide with",,,,Godan verb with 'ru' ending | intransitive verb,to run into | to collide with | to crash into | to bump against | to come to the end of (a street),scene_image,72,person_action_scene,action_state,person running into,突き当たる,action_state,verb can be shown as an action scene,Tanos JLPT vocabulary
n2_04863,N2,突く,つく,,"(1) to thrust,to strike,(2) to poke",,,,Godan verb with 'ku' ending | transitive verb,to prick | to stab | to poke | to prod | to push,scene_image,72,person_action_scene,action_state,person thrusting,突く,action_state,verb can be shown as an action scene,Tanos JLPT vocabulary
n2_04864,N2,突っ込む,つっこむ,,"to plunge into,to go into deeply",,,,Godan verb with 'mu' ending | transitive verb | intransitive verb,to thrust (something) into (something) | to cram | to stuff | to shove | to plunge into,scene_image,72,person_action_scene,action_state,person plunging into,突っ込む,action_state,verb can be shown as an action scene,Tanos JLPT vocabulary
n2_04866,N2,立ち止まる,たちどまる,,"to stop,to halt,to stand still",罢停,FALSE,from existing zh_meanings.py,Godan verb with 'ru' ending | intransitive verb,to stop (in one's tracks) | to come to a stop | to halt | to pause | to stand still,scene_image,72,person_action_scene,action_state,person stopping,立ち止まる,action_state,verb can be shown as an action scene,Tanos JLPT vocabulary
n2_04917,N2,縛る,しばる,,"to tie,to bind",系、绑,FALSE,from existing zh_meanings.py,Godan verb with 'ru' ending | transitive verb,"to tie | to bind | to fasten | to restrict (freedom) | to tie down (with rules, regulations, etc.)",scene_image,72,person_action_scene,action_state,person tying,縛る,action_state,verb can be shown as an action scene,Tanos JLPT vocabulary
n2_04921,N2,縮める,ちぢめる,,"to shorten,to reduce,to boil down,to shrink",,,,Ichidan verb | transitive verb,to shorten | to reduce | to condense | to shrink | to crumple (fabric),scene_image,72,person_action_scene,action_state,person shortenning,縮める,action_state,verb can be shown as an action scene,Tanos JLPT vocabulary
n2_04928,N2,纏める,まとめる,,"to put in order,to collect,to bring to a conclusion",,,,Ichidan verb | transitive verb,to collect | to put (it all) together | to integrate | to consolidate | to unify,scene_image,72,person_action_scene,action_state,person putting in order,纏める,action_state,verb can be shown as an action scene,Tanos JLPT vocabulary
n2_04944,N2,背負う,せおう,,"to be burdened with,to carry on back or shoulder",,,,Godan verb with 'u' ending | transitive verb | intransitive verb,to carry on one's back | to be burdened with | to take responsibility for | to have (something) in the background | to be in front (of something),scene_image,72,person_action_scene,action_state,person being burdened with,背負う,action_state,verb can be shown as an action scene,Tanos JLPT vocabulary
n2_04950,N2,腰掛ける,こしかける,,to sit (down),,,,Ichidan verb | intransitive verb,to sit (down),scene_image,72,person_action_scene,action_state,person sitting,腰掛ける,action_state,verb can be shown as an action scene,Tanos JLPT vocabulary
n2_04979,N2,著す,あらわす,,"to write,to publish",写,FALSE,from existing zh_meanings.py,Godan verb with 'su' ending | transitive verb,to write | to publish,scene_image,72,person_action_scene,action_state,person writing,著す,action_state,verb can be shown as an action scene,Tanos JLPT vocabulary
n2_05012,N2,裏返す,うらがえす,,"to turn inside out,to turn (something) over",,,,Godan verb with 'su' ending | transitive verb,to turn inside out | to turn the other way | to turn (something) over,scene_image,72,person_action_scene,action_state,person turning inside out,裏返す,action_state,verb can be shown as an action scene,Tanos JLPT vocabulary
n2_05030,N2,見舞う,みまう,,"to ask after (health),to visit",访问、拜访,FALSE,from existing zh_meanings.py,Godan verb with 'u' ending | transitive verb,to visit and comfort or console | to go to see (e.g. someone in hospital) | to ask after (e.g. someone's health) | to inquire after | to attack,scene_image,72,person_action_scene,action_state,person asking after,見舞う,action_state,verb can be shown as an action scene,Tanos JLPT vocabulary
n2_05045,N2,言い出す,いいだす,,"to start talking,to speak,to tell,to propose,to suggest,to break the ice",说话,FALSE,from existing zh_meanings.py,Godan verb with 'su' ending | transitive verb,to begin to say | to start talking | to broach (a matter) | to bring up | to come out with,scene_image,72,person_action_scene,action_state,person starting talking,言い出す,action_state,verb can be shown as an action scene,Tanos JLPT vocabulary
n2_05046,N2,言付ける,ことづける,,"to send word,to send a message",,,,Ichidan verb | transitive verb,to tell (to do) | to order | to direct | to instruct | to tell (on someone),scene_image,72,person_action_scene,action_state,person sending word,言付ける,action_state,verb can be shown as an action scene,Tanos JLPT vocabulary
n2_05048,N2,討つ,うつ,,"to attack,to avenge",,,,Godan verb with 'tsu' ending | transitive verb,to attack | to destroy | to defeat | to conquer | to avenge,scene_image,72,person_action_scene,action_state,person attacking,討つ,action_state,verb can be shown as an action scene,Tanos JLPT vocabulary
n2_05059,N2,誓う,ちかう,,"to swear,to vow,to take an oath,to pledge",,,,Godan verb with 'u' ending | transitive verb,to swear | to vow | to take an oath | to pledge,scene_image,72,person_action_scene,action_state,person swearing,誓う,action_state,verb can be shown as an action scene,Tanos JLPT vocabulary
n2_05065,N2,請う,こう,,"to ask,to request",问,FALSE,from existing zh_meanings.py,Godan verb with 'u' ending (special class) | transitive verb,to beg | to ask | to request | to invite | to pray,scene_image,72,person_action_scene,action_state,person asking,請う,action_state,verb can be shown as an action scene,Tanos JLPT vocabulary
n2_05089,N2,跳ねる,はねる,,"to jump,to leap",,,,Ichidan verb | intransitive verb,to jump | to leap | to prance | to spring up | to bound,scene_image,72,person_action_scene,action_state,person jumping,跳ねる,action_state,verb can be shown as an action scene,Tanos JLPT vocabulary
n2_05090,N2,跳ぶ,とぶ,,"to jump,to fly,to leap",,,,Godan verb with 'bu' ending | intransitive verb,to fly | to soar | to jump | to leap | to spring,scene_image,72,person_action_scene,action_state,person jumping,跳ぶ,action_state,verb can be shown as an action scene,Tanos JLPT vocabulary
n2_05101,N2,載せる,のせる,,"to place on (something),to take on board,to give a ride",放上、载上,FALSE,from existing zh_meanings.py,Ichidan verb | transitive verb,to place on (something) | to give (someone) a ride | to give a lift | to pick up | to help on board,scene_image,72,person_action_scene,action_state,person placing on,載せる,action_state,verb can be shown as an action scene,Tanos JLPT vocabulary
n2_05109,N2,近付ける,ちかづける,,"to bring near,to put close,to let come near,to associate with",,,,Ichidan verb | transitive verb,to bring near | to bring close | to let go near | to associate with | to bring (people) together,scene_image,72,person_action_scene,action_state,person bringing near,近付ける,action_state,verb can be shown as an action scene,Tanos JLPT vocabulary
n2_05114,N2,追い掛ける,おいかける,,"to chase or run after someone,to run down,to pursue",,,,Ichidan verb | transitive verb,to chase | to run after | to pursue | subsequently | following that,scene_image,72,person_action_scene,action_state,person chasing or run after someone,追い掛ける,action_state,verb can be shown as an action scene,Tanos JLPT vocabulary
n2_05118,N2,退ける,どける,,"to remove,to take away,to dislodge,to put something out of the way",,,,Ichidan verb | transitive verb,to refuse | to reject | to turn down | to dismiss | to repel,scene_image,72,person_action_scene,action_state,person removing,退ける,action_state,verb can be shown as an action scene,Tanos JLPT vocabulary
n2_05130,N2,通り掛かる,とおりかかる,,to happen to pass by,,,,Godan verb with 'ru' ending | transitive verb | intransitive verb,to happen to pass by,scene_image,72,person_action_scene,action_state,person happenning to pass by,通り掛かる,action_state,verb can be shown as an action scene,Tanos JLPT vocabulary
n2_05142,N2,逸れる,それる,,"to stray (turn) from subject,to get lost,to go astray",,,,Ichidan verb | intransitive verb,to turn away | to bear off | to veer away | to swerve from | to miss (e.g. a target),scene_image,72,person_action_scene,action_state,person straying from subject,逸れる,action_state,verb can be shown as an action scene,Tanos JLPT vocabulary
n2_05151,N2,遡る,さかのぼる,,"to go back,to go upstream,to make retroactive",回去、回来,FALSE,from existing zh_meanings.py,Godan verb with 'ru' ending | intransitive verb,to go upstream | to go up (a river) | to go back (to the past or origin) | to date back (to) | to trace back (to),scene_image,72,person_action_scene,action_state,person going back,遡る,action_state,verb can be shown as an action scene,Tanos JLPT vocabulary
n2_05153,N2,遭う,あう,,"to meet,to encounter (undesirable nuance)",见面,FALSE,from existing zh_meanings.py,Godan verb with 'u' ending | intransitive verb,to meet | to encounter | to see | to have an accident | to have a bad experience,scene_image,72,person_action_scene,action_state,person meeting,遭う,action_state,verb can be shown as an action scene,Tanos JLPT vocabulary
n2_05169,N2,重ねる,かさねる,,"to pile up,to put something on another,to heap up,to add,to repeat",堆积起来,FALSE,from existing zh_meanings.py,Ichidan verb | transitive verb,to pile up | to heap up | to stack up | to put on top of another | to repeat many times over,scene_image,72,person_action_scene,action_state,person piling up,重ねる,action_state,verb can be shown as an action scene,Tanos JLPT vocabulary
n2_05245,N2,預かる,あずかる,,"to keep in custody,to receive on deposit,to take charge of",,,,Godan verb with 'ru' ending | transitive verb,to look after | to take care of | to keep | to hold on to | to keep in custody,scene_image,72,person_action_scene,action_state,person keeping in custody,預かる,action_state,verb can be shown as an action scene,Tanos JLPT vocabulary
n2_05254,N2,飛び込む,とびこむ,,"to jump in,to leap in,to plunge into,to dive",,,,Godan verb with 'mu' ending | intransitive verb,to jump in | to leap in | to plunge into | to dive | to burst in,scene_image,72,person_action_scene,action_state,person jumping in,飛び込む,action_state,verb can be shown as an action scene,Tanos JLPT vocabulary
